date,followers,size,username,month,year
2023-06-01,1106645,mega,rileyduckman,6,2023
2023-05-01,1056760,mega,rileyduckman,5,2023
2023-04-01,1010953,mega,rileyduckman,4,2023
2023-03-01,997866,makro,rileyduckman,3,2023
2023-02-01,993595,makro,rileyduckman,2,2023
2023-01-01,989873,makro,rileyduckman,1,2023
2022-12-01,980404,makro,rileyduckman,12,2022
2022-11-01,967628,makro,rileyduckman,11,2022
2022-10-01,957823,makro,rileyduckman,10,2022
2022-09-01,944402,makro,rileyduckman,9,2022
2022-08-01,929569,makro,rileyduckman,8,2022
2022-07-01,913814,makro,rileyduckman,7,2022
2022-06-01,899340,makro,rileyduckman,6,2022
2022-05-01,890565,makro,rileyduckman,5,2022
2022-04-01,875538,makro,rileyduckman,4,2022
2022-03-01,866184,makro,rileyduckman,3,2022
2022-02-01,855539,makro,rileyduckman,2,2022
2022-01-01,833896,makro,rileyduckman,1,2022
2021-12-01,822955,makro,rileyduckman,12,2021
2021-11-01,804966,makro,rileyduckman,11,2021
2021-10-01,779666,makro,rileyduckman,10,2021
2021-09-01,747834,makro,rileyduckman,9,2021
2021-08-01,704276,makro,rileyduckman,8,2021
2021-07-01,667174,makro,rileyduckman,7,2021
2021-06-01,645693,makro,rileyduckman,6,2021
2021-05-01,628998,makro,rileyduckman,5,2021
2021-04-01,613161,makro,rileyduckman,4,2021
2021-03-01,603930,makro,rileyduckman,3,2021
2021-02-01,596538,makro,rileyduckman,2,2021
2021-01-01,578712,makro,rileyduckman,1,2021
2020-12-01,565201,makro,rileyduckman,12,2020
2020-11-01,547409,makro,rileyduckman,11,2020
2020-10-01,526811,makro,rileyduckman,10,2020
2020-09-01,490353,midtier,rileyduckman,9,2020
2020-08-01,468233,midtier,rileyduckman,8,2020
2020-07-01,444805,midtier,rileyduckman,7,2020
2020-06-01,418910,midtier,rileyduckman,6,2020
2020-05-01,390895,midtier,rileyduckman,5,2020
2020-04-01,363549,midtier,rileyduckman,4,2020
2020-03-01,330122,midtier,rileyduckman,3,2020
2020-02-01,309942,midtier,rileyduckman,2,2020
2020-01-01,288473,midtier,rileyduckman,1,2020
2019-12-01,266901,midtier,rileyduckman,12,2019
2019-11-01,246517,midtier,rileyduckman,11,2019
2019-10-01,233918,midtier,rileyduckman,10,2019
2019-09-01,214081,midtier,rileyduckman,9,2019
2019-08-01,189590,midtier,rileyduckman,8,2019
2019-07-01,176573,midtier,rileyduckman,7,2019
2019-06-01,163430,midtier,rileyduckman,6,2019
2019-05-01,153089,midtier,rileyduckman,5,2019
2019-04-01,143233,midtier,rileyduckman,4,2019
2019-03-01,134712,midtier,rileyduckman,3,2019
2019-02-01,129455,midtier,rileyduckman,2,2019
2019-01-01,123292,midtier,rileyduckman,1,2019
2023-06-01,3898988,mega,shawnjohnson,6,2023
2023-05-01,3895391,mega,shawnjohnson,5,2023
2023-04-01,3888189,mega,shawnjohnson,4,2023
2023-03-01,3818187,mega,shawnjohnson,3,2023
2023-02-01,3797596,mega,shawnjohnson,2,2023
2023-01-01,3795111,mega,shawnjohnson,1,2023
2022-12-01,3754973,mega,shawnjohnson,12,2022
2022-11-01,3735595,mega,shawnjohnson,11,2022
2022-10-01,3686250,mega,shawnjohnson,10,2022
2022-09-01,3668417,mega,shawnjohnson,9,2022
2022-08-01,3670202,mega,shawnjohnson,8,2022
2022-07-01,3652436,mega,shawnjohnson,7,2022
2022-06-01,3607142,mega,shawnjohnson,6,2022
2022-05-01,3526248,mega,shawnjohnson,5,2022
2022-04-01,3463789,mega,shawnjohnson,4,2022
2022-03-01,3442295,mega,shawnjohnson,3,2022
2022-02-01,3409862,mega,shawnjohnson,2,2022
2022-01-01,3386109,mega,shawnjohnson,1,2022
2021-12-01,3358682,mega,shawnjohnson,12,2021
2021-11-01,3335258,mega,shawnjohnson,11,2021
2021-10-01,3311038,mega,shawnjohnson,10,2021
2021-09-01,3303992,mega,shawnjohnson,9,2021
2021-08-02,3251181,mega,shawnjohnson,8,2021
2021-07-01,3168674,mega,shawnjohnson,7,2021
2021-06-01,3063566,mega,shawnjohnson,6,2021
2021-05-01,3046346,mega,shawnjohnson,5,2021
2021-04-01,2951551,mega,shawnjohnson,4,2021
2021-03-01,2931298,mega,shawnjohnson,3,2021
2021-02-01,2881340,mega,shawnjohnson,2,2021
2021-01-01,2744563,mega,shawnjohnson,1,2021
2020-12-01,2740909,mega,shawnjohnson,12,2020
2020-11-01,2742874,mega,shawnjohnson,11,2020
2020-10-01,2737578,mega,shawnjohnson,10,2020
2020-09-01,2735582,mega,shawnjohnson,9,2020
2020-08-01,2723605,mega,shawnjohnson,8,2020
2020-07-01,2718609,mega,shawnjohnson,7,2020
2020-06-01,2725968,mega,shawnjohnson,6,2020
2020-05-01,2704094,mega,shawnjohnson,5,2020
2020-04-01,2670142,mega,shawnjohnson,4,2020
2020-03-01,2651959,mega,shawnjohnson,3,2020
2020-02-01,2621688,mega,shawnjohnson,2,2020
2020-01-01,2597139,mega,shawnjohnson,1,2020
2019-12-01,2525034,mega,shawnjohnson,12,2019
2019-11-01,2263987,mega,shawnjohnson,11,2019
2019-10-01,1995100,mega,shawnjohnson,10,2019
2019-09-01,1895539,mega,shawnjohnson,9,2019
2019-08-01,1827225,mega,shawnjohnson,8,2019
2019-07-01,1769778,mega,shawnjohnson,7,2019
2019-06-01,1732170,mega,shawnjohnson,6,2019
2019-05-01,1668492,mega,shawnjohnson,5,2019
2019-04-01,1608354,mega,shawnjohnson,4,2019
2019-03-01,1603374,mega,shawnjohnson,3,2019
2019-02-01,1600106,mega,shawnjohnson,2,2019
2019-01-01,1589304,mega,shawnjohnson,1,2019
2023-06-01,4017922,mega,inagarten,6,2023
2023-05-01,3991504,mega,inagarten,5,2023
2023-04-01,3973625,mega,inagarten,4,2023
2023-03-01,3938698,mega,inagarten,3,2023
2023-02-01,3871598,mega,inagarten,2,2023
2023-01-01,3829546,mega,inagarten,1,2023
2022-12-01,3811278,mega,inagarten,12,2022
2022-11-01,3783130,mega,inagarten,11,2022
2022-10-01,3733381,mega,inagarten,10,2022
2022-09-01,3717804,mega,inagarten,9,2022
2022-08-01,3710883,mega,inagarten,8,2022
2022-07-01,3688495,mega,inagarten,7,2022
2022-06-01,3631724,mega,inagarten,6,2022
2022-05-01,3516556,mega,inagarten,5,2022
2022-04-01,3474746,mega,inagarten,4,2022
2022-03-01,3442440,mega,inagarten,3,2022
2022-02-01,3403635,mega,inagarten,2,2022
2022-01-01,3343800,mega,inagarten,1,2022
2021-12-01,3310095,mega,inagarten,12,2021
2021-11-01,3257926,mega,inagarten,11,2021
2021-10-01,3234788,mega,inagarten,10,2021
2021-09-01,3203084,mega,inagarten,9,2021
2021-08-02,3187001,mega,inagarten,8,2021
2021-07-01,3158237,mega,inagarten,7,2021
2021-06-01,3141994,mega,inagarten,6,2021
2021-05-01,3118754,mega,inagarten,5,2021
2021-04-01,3095168,mega,inagarten,4,2021
2021-03-01,3076308,mega,inagarten,3,2021
2021-02-01,3032443,mega,inagarten,2,2021
2021-01-01,3001615,mega,inagarten,1,2021
2020-12-01,2961515,mega,inagarten,12,2020
2020-11-01,2922700,mega,inagarten,11,2020
2020-10-01,2860651,mega,inagarten,10,2020
2020-09-01,2833074,mega,inagarten,9,2020
2020-08-01,2801508,mega,inagarten,8,2020
2020-07-01,2780689,mega,inagarten,7,2020
2020-06-01,2758047,mega,inagarten,6,2020
2020-05-01,2615198,mega,inagarten,5,2020
2020-04-01,2254412,mega,inagarten,4,2020
2020-03-01,2159741,mega,inagarten,3,2020
2020-02-01,2138706,mega,inagarten,2,2020
2020-01-01,2115188,mega,inagarten,1,2020
2019-12-01,2087761,mega,inagarten,12,2019
2019-11-01,2049415,mega,inagarten,11,2019
2019-10-01,2031108,mega,inagarten,10,2019
2019-09-01,2010182,mega,inagarten,9,2019
2019-08-01,1969023,mega,inagarten,8,2019
2019-07-01,1937567,mega,inagarten,7,2019
2019-06-01,1907892,mega,inagarten,6,2019
2019-05-01,1879653,mega,inagarten,5,2019
2019-04-01,1856607,mega,inagarten,4,2019
2019-03-01,1826814,mega,inagarten,3,2019
2019-02-01,1799936,mega,inagarten,2,2019
2019-01-01,1762725,mega,inagarten,1,2019
2023-06-01,4948740,mega,ballerinafarm,6,2023
2023-05-01,4669324,mega,ballerinafarm,5,2023
2023-04-01,4323046,mega,ballerinafarm,4,2023
2023-03-01,3840002,mega,ballerinafarm,3,2023
2023-02-01,3163547,mega,ballerinafarm,2,2023
2023-01-01,2516825,mega,ballerinafarm,1,2023
2022-12-01,2421514,mega,ballerinafarm,12,2022
2022-11-01,1970243,mega,ballerinafarm,11,2022
2022-10-01,1666439,mega,ballerinafarm,10,2022
2022-09-01,1521547,mega,ballerinafarm,9,2022
2022-08-01,1406231,mega,ballerinafarm,8,2022
2022-07-01,1321848,mega,ballerinafarm,7,2022
2022-06-01,1102882,mega,ballerinafarm,6,2022
2022-05-01,951040,makro,ballerinafarm,5,2022
2022-04-01,607781,makro,ballerinafarm,4,2022
2022-03-01,470099,midtier,ballerinafarm,3,2022
2022-02-01,444810,midtier,ballerinafarm,2,2022
2022-01-01,414937,midtier,ballerinafarm,1,2022
2021-12-01,402238,midtier,ballerinafarm,12,2021
2021-11-01,370502,midtier,ballerinafarm,11,2021
2021-10-01,340834,midtier,ballerinafarm,10,2021
2021-09-01,253049,midtier,ballerinafarm,9,2021
2021-08-03,230489,midtier,ballerinafarm,8,2021
2021-07-01,225284,midtier,ballerinafarm,7,2021
2021-06-01,218778,midtier,ballerinafarm,6,2021
2021-05-01,198694,midtier,ballerinafarm,5,2021
2021-04-01,192489,midtier,ballerinafarm,4,2021
2021-03-01,168599,midtier,ballerinafarm,3,2021
2021-02-01,152493,midtier,ballerinafarm,2,2021
2021-01-01,132490,midtier,ballerinafarm,1,2021
2020-12-01,118425,midtier,ballerinafarm,12,2020
2020-11-01,108675,midtier,ballerinafarm,11,2020
2020-10-01,88841,midtier,ballerinafarm,10,2020
2020-09-01,77989,midtier,ballerinafarm,9,2020
2020-08-01,69548,midtier,ballerinafarm,8,2020
2020-07-01,59814,midtier,ballerinafarm,7,2020
2020-06-01,49850,mikro,ballerinafarm,6,2020
2020-05-01,46722,mikro,ballerinafarm,5,2020
2020-04-01,41721,mikro,ballerinafarm,4,2020
2020-03-01,34235,mikro,ballerinafarm,3,2020
2020-02-01,32162,mikro,ballerinafarm,2,2020
2020-01-01,29356,mikro,ballerinafarm,1,2020
2019-12-01,28753,mikro,ballerinafarm,12,2019
2019-11-01,27253,mikro,ballerinafarm,11,2019
2019-10-01,26417,mikro,ballerinafarm,10,2019
2019-09-01,24301,mikro,ballerinafarm,9,2019
2019-08-01,23369,mikro,ballerinafarm,8,2019
2019-07-01,21970,mikro,ballerinafarm,7,2019
2019-06-01,19055,mikro,ballerinafarm,6,2019
2019-05-01,17639,mikro,ballerinafarm,5,2019
2019-04-01,17416,mikro,ballerinafarm,4,2019
2019-03-01,16755,mikro,ballerinafarm,3,2019
2019-02-01,15016,mikro,ballerinafarm,2,2019
2019-01-01,14949,mikro,ballerinafarm,1,2019
2023-06-01,2617173,mega,shannonsharpe84,6,2023
2023-05-01,2601689,mega,shannonsharpe84,5,2023
2023-04-01,2584614,mega,shannonsharpe84,4,2023
2023-03-01,2570267,mega,shannonsharpe84,3,2023
2023-02-01,2534964,mega,shannonsharpe84,2,2023
2023-01-01,2439172,mega,shannonsharpe84,1,2023
2022-12-01,2414477,mega,shannonsharpe84,12,2022
2022-11-01,2400384,mega,shannonsharpe84,11,2022
2022-10-01,2379131,mega,shannonsharpe84,10,2022
2022-09-01,2367844,mega,shannonsharpe84,9,2022
2022-08-01,2358418,mega,shannonsharpe84,8,2022
2022-07-01,2334210,mega,shannonsharpe84,7,2022
2022-06-01,2301600,mega,shannonsharpe84,6,2022
2022-05-01,2270383,mega,shannonsharpe84,5,2022
2022-04-01,2255134,mega,shannonsharpe84,4,2022
2022-03-01,2234715,mega,shannonsharpe84,3,2022
2022-02-01,2212668,mega,shannonsharpe84,2,2022
2022-01-01,2184286,mega,shannonsharpe84,1,2022
2021-12-01,2171000,mega,shannonsharpe84,12,2021
2021-11-01,2152080,mega,shannonsharpe84,11,2021
2021-10-01,2131441,mega,shannonsharpe84,10,2021
2021-09-01,2110731,mega,shannonsharpe84,9,2021
2021-08-02,2089049,mega,shannonsharpe84,8,2021
2021-07-01,2064620,mega,shannonsharpe84,7,2021
2021-06-01,2024422,mega,shannonsharpe84,6,2021
2021-05-01,1997743,mega,shannonsharpe84,5,2021
2021-04-01,1966184,mega,shannonsharpe84,4,2021
2021-03-01,1957263,mega,shannonsharpe84,3,2021
2021-02-01,1931934,mega,shannonsharpe84,2,2021
2021-01-01,1879431,mega,shannonsharpe84,1,2021
2020-12-01,1839729,mega,shannonsharpe84,12,2020
2020-11-01,1797376,mega,shannonsharpe84,11,2020
2020-10-01,1726340,mega,shannonsharpe84,10,2020
2020-09-01,1666465,mega,shannonsharpe84,9,2020
2020-08-01,1626782,mega,shannonsharpe84,8,2020
2020-07-01,1593197,mega,shannonsharpe84,7,2020
2020-06-01,1560426,mega,shannonsharpe84,6,2020
2020-05-01,1514989,mega,shannonsharpe84,5,2020
2020-04-01,1490191,mega,shannonsharpe84,4,2020
2020-03-01,1459501,mega,shannonsharpe84,3,2020
2020-02-01,1430057,mega,shannonsharpe84,2,2020
2020-01-01,1378112,mega,shannonsharpe84,1,2020
2019-12-01,1334503,mega,shannonsharpe84,12,2019
2019-11-01,1283848,mega,shannonsharpe84,11,2019
2019-10-01,1239052,mega,shannonsharpe84,10,2019
2019-09-01,1188774,mega,shannonsharpe84,9,2019
2019-08-01,1155737,mega,shannonsharpe84,8,2019
2019-07-01,1119352,mega,shannonsharpe84,7,2019
2019-06-01,1054111,mega,shannonsharpe84,6,2019
2019-05-01,1015261,mega,shannonsharpe84,5,2019
2019-04-01,996193,makro,shannonsharpe84,4,2019
2019-03-01,962120,makro,shannonsharpe84,3,2019
2019-02-01,910332,makro,shannonsharpe84,2,2019
2019-01-01,850506,makro,shannonsharpe84,1,2019
2023-06-01,2439458,mega,brittanyaldean,6,2023
2023-05-01,2438408,mega,brittanyaldean,5,2023
2023-04-01,2436151,mega,brittanyaldean,4,2023
2023-03-01,2439654,mega,brittanyaldean,3,2023
2023-02-01,2434581,mega,brittanyaldean,2,2023
2023-01-01,2401528,mega,brittanyaldean,1,2023
2022-12-01,2361932,mega,brittanyaldean,12,2022
2022-11-01,2341256,mega,brittanyaldean,11,2022
2022-10-01,2339805,mega,brittanyaldean,10,2022
2022-09-01,2298282,mega,brittanyaldean,9,2022
2022-08-01,2201866,mega,brittanyaldean,8,2022
2022-07-01,2198677,mega,brittanyaldean,7,2022
2022-06-01,2190905,mega,brittanyaldean,6,2022
2022-05-01,2186052,mega,brittanyaldean,5,2022
2022-04-01,2176525,mega,brittanyaldean,4,2022
2022-03-01,2158101,mega,brittanyaldean,3,2022
2022-02-01,2149191,mega,brittanyaldean,2,2022
2022-01-01,2129384,mega,brittanyaldean,1,2022
2021-12-01,2124527,mega,brittanyaldean,12,2021
2021-11-01,2102969,mega,brittanyaldean,11,2021
2021-10-01,2002334,mega,brittanyaldean,10,2021
2021-09-01,1969946,mega,brittanyaldean,9,2021
2021-08-02,1948683,mega,brittanyaldean,8,2021
2021-07-01,1937325,mega,brittanyaldean,7,2021
2021-06-01,1913223,mega,brittanyaldean,6,2021
2021-05-01,1904095,mega,brittanyaldean,5,2021
2021-04-01,1886731,mega,brittanyaldean,4,2021
2021-03-02,1867379,mega,brittanyaldean,3,2021
2021-02-01,1858630,mega,brittanyaldean,2,2021
2021-01-01,1853807,mega,brittanyaldean,1,2021
2020-12-01,1798084,mega,brittanyaldean,12,2020
2020-11-01,1764761,mega,brittanyaldean,11,2020
2020-10-01,1744126,mega,brittanyaldean,10,2020
2020-09-01,1701834,mega,brittanyaldean,9,2020
2020-08-01,1679737,mega,brittanyaldean,8,2020
2020-07-01,1648992,mega,brittanyaldean,7,2020
2020-06-01,1632041,mega,brittanyaldean,6,2020
2020-05-01,1611010,mega,brittanyaldean,5,2020
2020-04-01,1594053,mega,brittanyaldean,4,2020
2020-03-01,1574821,mega,brittanyaldean,3,2020
2020-02-01,1562366,mega,brittanyaldean,2,2020
2020-01-01,1549904,mega,brittanyaldean,1,2020
2019-12-01,1530169,mega,brittanyaldean,12,2019
2019-11-01,1509632,mega,brittanyaldean,11,2019
2019-10-01,1489648,mega,brittanyaldean,10,2019
2019-09-01,1436468,mega,brittanyaldean,9,2019
2019-08-01,1366902,mega,brittanyaldean,8,2019
2019-07-01,1341465,mega,brittanyaldean,7,2019
2019-06-01,1315816,mega,brittanyaldean,6,2019
2019-05-01,1262846,mega,brittanyaldean,5,2019
2019-04-01,1243836,mega,brittanyaldean,4,2019
2019-03-01,1231804,mega,brittanyaldean,3,2019
2019-02-01,1211785,mega,brittanyaldean,2,2019
2019-01-01,1176201,mega,brittanyaldean,1,2019
2023-06-01,2632890,mega,horo.scopesdaily,6,2023
2023-05-01,2645394,mega,horo.scopesdaily,5,2023
2023-04-01,2657174,mega,horo.scopesdaily,4,2023
2023-03-01,2671920,mega,horo.scopesdaily,3,2023
2023-02-01,2686046,mega,horo.scopesdaily,2,2023
2023-01-01,2703442,mega,horo.scopesdaily,1,2023
2022-12-01,2717766,mega,horo.scopesdaily,12,2022
2022-11-01,2729834,mega,horo.scopesdaily,11,2022
2022-10-01,2750791,mega,horo.scopesdaily,10,2022
2022-09-01,2767602,mega,horo.scopesdaily,9,2022
2022-08-01,2786015,mega,horo.scopesdaily,8,2022
2022-07-01,2803644,mega,horo.scopesdaily,7,2022
2022-06-01,2820644,mega,horo.scopesdaily,6,2022
2022-05-01,2840244,mega,horo.scopesdaily,5,2022
2022-04-01,2857958,mega,horo.scopesdaily,4,2022
2022-03-01,2878408,mega,horo.scopesdaily,3,2022
2022-02-01,2897318,mega,horo.scopesdaily,2,2022
2022-01-01,2919325,mega,horo.scopesdaily,1,2022
2021-12-01,2936289,mega,horo.scopesdaily,12,2021
2021-11-01,2952579,mega,horo.scopesdaily,11,2021
2021-10-01,2969342,mega,horo.scopesdaily,10,2021
2021-09-01,2988568,mega,horo.scopesdaily,9,2021
2021-08-02,3008922,mega,horo.scopesdaily,8,2021
2021-07-01,3031569,mega,horo.scopesdaily,7,2021
2021-06-01,3052581,mega,horo.scopesdaily,6,2021
2021-05-01,3079013,mega,horo.scopesdaily,5,2021
2021-04-01,3106864,mega,horo.scopesdaily,4,2021
2021-03-01,3129673,mega,horo.scopesdaily,3,2021
2021-02-01,3166628,mega,horo.scopesdaily,2,2021
2021-01-01,3200471,mega,horo.scopesdaily,1,2021
2020-12-01,3223845,mega,horo.scopesdaily,12,2020
2020-11-01,3252231,mega,horo.scopesdaily,11,2020
2020-10-01,3278103,mega,horo.scopesdaily,10,2020
2020-09-01,3305261,mega,horo.scopesdaily,9,2020
2020-08-01,3350801,mega,horo.scopesdaily,8,2020
2020-07-01,3392715,mega,horo.scopesdaily,7,2020
2020-06-01,3434146,mega,horo.scopesdaily,6,2020
2020-05-02,3486687,mega,horo.scopesdaily,5,2020
2020-04-01,3540843,mega,horo.scopesdaily,4,2020
2020-03-01,3577628,mega,horo.scopesdaily,3,2020
2020-02-01,3607657,mega,horo.scopesdaily,2,2020
2020-01-01,3633677,mega,horo.scopesdaily,1,2020
2019-12-01,3658761,mega,horo.scopesdaily,12,2019
2019-11-01,3679181,mega,horo.scopesdaily,11,2019
2019-10-01,3701274,mega,horo.scopesdaily,10,2019
2019-09-01,3723325,mega,horo.scopesdaily,9,2019
2019-08-01,3749614,mega,horo.scopesdaily,8,2019
2019-07-01,3784660,mega,horo.scopesdaily,7,2019
2019-06-01,3816016,mega,horo.scopesdaily,6,2019
2019-05-01,3845372,mega,horo.scopesdaily,5,2019
2019-04-01,3869239,mega,horo.scopesdaily,4,2019
2019-03-02,3887204,mega,horo.scopesdaily,3,2019
2019-02-09,3920999,mega,horo.scopesdaily,2,2019
2019-01-01,3991935,mega,horo.scopesdaily,1,2019
2023-06-01,2750516,mega,laur_akins,6,2023
2023-05-01,2757730,mega,laur_akins,5,2023
2023-04-01,2763174,mega,laur_akins,4,2023
2023-03-01,2752043,mega,laur_akins,3,2023
2023-02-01,2746281,mega,laur_akins,2,2023
2023-01-01,2749416,mega,laur_akins,1,2023
2022-12-01,2751095,mega,laur_akins,12,2022
2022-11-01,2750062,mega,laur_akins,11,2022
2022-10-01,2733201,mega,laur_akins,10,2022
2022-09-01,2731217,mega,laur_akins,9,2022
2022-08-01,2742108,mega,laur_akins,8,2022
2022-07-01,2737509,mega,laur_akins,7,2022
2022-06-01,2689237,mega,laur_akins,6,2022
2022-05-01,2643013,mega,laur_akins,5,2022
2022-04-01,2615049,mega,laur_akins,4,2022
2022-03-01,2593107,mega,laur_akins,3,2022
2022-02-01,2568761,mega,laur_akins,2,2022
2022-01-01,2553960,mega,laur_akins,1,2022
2021-12-01,2537219,mega,laur_akins,12,2021
2021-11-01,2494509,mega,laur_akins,11,2021
2021-10-01,2480300,mega,laur_akins,10,2021
2021-09-01,2473511,mega,laur_akins,9,2021
2021-08-03,2469012,mega,laur_akins,8,2021
2021-07-01,2464438,mega,laur_akins,7,2021
2021-06-01,2460564,mega,laur_akins,6,2021
2021-05-01,2447818,mega,laur_akins,5,2021
2021-04-01,2454707,mega,laur_akins,4,2021
2021-03-01,2461079,mega,laur_akins,3,2021
2021-02-01,2466729,mega,laur_akins,2,2021
2021-01-01,2478400,mega,laur_akins,1,2021
2020-12-01,2481823,mega,laur_akins,12,2020
2020-11-01,2476713,mega,laur_akins,11,2020
2020-10-01,2477642,mega,laur_akins,10,2020
2020-09-01,2470794,mega,laur_akins,9,2020
2020-08-01,2463282,mega,laur_akins,8,2020
2020-07-01,2457675,mega,laur_akins,7,2020
2020-06-01,2453461,mega,laur_akins,6,2020
2020-05-01,2427527,mega,laur_akins,5,2020
2020-04-01,2424095,mega,laur_akins,4,2020
2020-03-01,2414374,mega,laur_akins,3,2020
2020-02-01,2383771,mega,laur_akins,2,2020
2020-01-01,2376978,mega,laur_akins,1,2020
2019-12-01,2359104,mega,laur_akins,12,2019
2019-11-01,2307977,mega,laur_akins,11,2019
2019-10-01,2280015,mega,laur_akins,10,2019
2019-09-01,2260748,mega,laur_akins,9,2019
2019-08-01,2224643,mega,laur_akins,8,2019
2019-07-01,2151354,mega,laur_akins,7,2019
2019-06-01,2138538,mega,laur_akins,6,2019
2019-05-02,2134005,mega,laur_akins,5,2019
2019-04-01,2091513,mega,laur_akins,4,2019
2019-03-01,2081803,mega,laur_akins,3,2019
2019-02-01,2083265,mega,laur_akins,2,2019
2019-01-01,2074583,mega,laur_akins,1,2019
2023-06-01,2669806,mega,joelle_fletcher,6,2023
2023-05-01,2674715,mega,joelle_fletcher,5,2023
2023-04-01,2683957,mega,joelle_fletcher,4,2023
2023-03-01,2674879,mega,joelle_fletcher,3,2023
2023-02-01,2673503,mega,joelle_fletcher,2,2023
2023-01-01,2638171,mega,joelle_fletcher,1,2023
2022-12-01,2634852,mega,joelle_fletcher,12,2022
2022-11-01,2646841,mega,joelle_fletcher,11,2022
2022-10-01,2589197,mega,joelle_fletcher,10,2022
2022-09-01,2583095,mega,joelle_fletcher,9,2022
2022-08-01,2590815,mega,joelle_fletcher,8,2022
2022-07-01,2580208,mega,joelle_fletcher,7,2022
2022-06-01,2521863,mega,joelle_fletcher,6,2022
2022-05-01,2442820,mega,joelle_fletcher,5,2022
2022-04-01,2410402,mega,joelle_fletcher,4,2022
2022-03-01,2384725,mega,joelle_fletcher,3,2022
2022-02-01,2362787,mega,joelle_fletcher,2,2022
2022-01-01,2346435,mega,joelle_fletcher,1,2022
2021-12-01,2335826,mega,joelle_fletcher,12,2021
2021-11-01,2326721,mega,joelle_fletcher,11,2021
2021-10-01,2324340,mega,joelle_fletcher,10,2021
2021-09-01,2318789,mega,joelle_fletcher,9,2021
2021-08-01,2324728,mega,joelle_fletcher,8,2021
2021-07-01,2330831,mega,joelle_fletcher,7,2021
2021-06-01,2335168,mega,joelle_fletcher,6,2021
2021-05-01,2338645,mega,joelle_fletcher,5,2021
2021-04-01,2342554,mega,joelle_fletcher,4,2021
2021-03-01,2352145,mega,joelle_fletcher,3,2021
2021-02-01,2289092,mega,joelle_fletcher,2,2021
2021-01-01,2264313,mega,joelle_fletcher,1,2021
2020-12-01,2258441,mega,joelle_fletcher,12,2020
2020-11-01,2266687,mega,joelle_fletcher,11,2020
2020-10-01,2277608,mega,joelle_fletcher,10,2020
2020-09-01,2287800,mega,joelle_fletcher,9,2020
2020-08-01,2291349,mega,joelle_fletcher,8,2020
2020-07-01,2280479,mega,joelle_fletcher,7,2020
2020-06-01,2246908,mega,joelle_fletcher,6,2020
2020-05-01,2249460,mega,joelle_fletcher,5,2020
2020-04-01,2257179,mega,joelle_fletcher,4,2020
2020-03-01,2255358,mega,joelle_fletcher,3,2020
2020-02-01,2263814,mega,joelle_fletcher,2,2020
2020-01-01,2268033,mega,joelle_fletcher,1,2020
2019-12-01,2272150,mega,joelle_fletcher,12,2019
2019-11-01,2274782,mega,joelle_fletcher,11,2019
2019-10-01,2279864,mega,joelle_fletcher,10,2019
2019-09-01,2264225,mega,joelle_fletcher,9,2019
2019-08-01,2224232,mega,joelle_fletcher,8,2019
2019-07-12,2213986,mega,joelle_fletcher,7,2019
2019-05-01,2214192,mega,joelle_fletcher,5,2019
2019-04-26,2216583,mega,joelle_fletcher,4,2019
2019-03-01,2217938,mega,joelle_fletcher,3,2019
2019-02-01,2216708,mega,joelle_fletcher,2,2019
2019-01-01,2202285,mega,joelle_fletcher,1,2019
2023-06-01,2599507,mega,theprettymess,6,2023
2023-05-01,2590687,mega,theprettymess,5,2023
2023-04-01,2572866,mega,theprettymess,4,2023
2023-03-01,2552299,mega,theprettymess,3,2023
2023-02-01,2558024,mega,theprettymess,2,2023
2023-01-01,2565117,mega,theprettymess,1,2023
2022-12-01,2570259,mega,theprettymess,12,2022
2022-11-01,2573380,mega,theprettymess,11,2022
2022-10-01,2567450,mega,theprettymess,10,2022
2022-09-01,2567059,mega,theprettymess,9,2022
2022-08-01,2568867,mega,theprettymess,8,2022
2022-07-01,2563287,mega,theprettymess,7,2022
2022-06-01,2557464,mega,theprettymess,6,2022
2022-05-01,2557345,mega,theprettymess,5,2022
2022-04-01,2553287,mega,theprettymess,4,2022
2022-03-01,2554108,mega,theprettymess,3,2022
2022-02-01,2552827,mega,theprettymess,2,2022
2022-01-01,2545273,mega,theprettymess,1,2022
2021-12-01,2543190,mega,theprettymess,12,2021
2021-11-01,2527935,mega,theprettymess,11,2021
2021-10-01,2494895,mega,theprettymess,10,2021
2021-09-01,2462833,mega,theprettymess,9,2021
2021-08-03,2398326,mega,theprettymess,8,2021
2021-07-01,2333941,mega,theprettymess,7,2021
2021-06-01,2304604,mega,theprettymess,6,2021
2021-05-01,2281405,mega,theprettymess,5,2021
2021-04-01,2277627,mega,theprettymess,4,2021
2021-03-01,2271145,mega,theprettymess,3,2021
2021-02-02,2268474,mega,theprettymess,2,2021
2021-01-01,2280781,mega,theprettymess,1,2021
2020-12-01,2256584,mega,theprettymess,12,2020
2020-11-01,2241337,mega,theprettymess,11,2020
2020-10-01,2222329,mega,theprettymess,10,2020
2020-09-01,2177396,mega,theprettymess,9,2020
2020-08-01,2137146,mega,theprettymess,8,2020
2020-07-01,2074706,mega,theprettymess,7,2020
2020-06-01,2044149,mega,theprettymess,6,2020
2020-05-01,1998845,mega,theprettymess,5,2020
2020-04-01,1974142,mega,theprettymess,4,2020
2020-03-01,1960271,mega,theprettymess,3,2020
2020-02-01,1953669,mega,theprettymess,2,2020
2020-01-01,1940059,mega,theprettymess,1,2020
2019-12-01,1932372,mega,theprettymess,12,2019
2019-11-01,1919582,mega,theprettymess,11,2019
2019-10-01,1921323,mega,theprettymess,10,2019
2019-09-01,1905832,mega,theprettymess,9,2019
2019-08-20,1903701,mega,theprettymess,8,2019
2019-04-01,1736427,mega,theprettymess,4,2019
2019-03-01,1690676,mega,theprettymess,3,2019
2019-02-01,1657981,mega,theprettymess,2,2019
2019-01-01,1625500,mega,theprettymess,1,2019
2023-06-01,3128305,mega,ozthementalist,6,2023
2023-05-01,2911907,mega,ozthementalist,5,2023
2023-04-01,2783204,mega,ozthementalist,4,2023
2023-03-01,2510011,mega,ozthementalist,3,2023
2023-02-01,2304706,mega,ozthementalist,2,2023
2023-01-01,2058386,mega,ozthementalist,1,2023
2022-12-01,1872483,mega,ozthementalist,12,2022
2022-11-01,1672277,mega,ozthementalist,11,2022
2022-10-01,1367148,mega,ozthementalist,10,2022
2022-09-01,1368502,mega,ozthementalist,9,2022
2022-08-01,1387927,mega,ozthementalist,8,2022
2022-07-01,1254701,mega,ozthementalist,7,2022
2022-06-01,1275571,mega,ozthementalist,6,2022
2022-05-01,1007076,mega,ozthementalist,5,2022
2022-04-01,670888,makro,ozthementalist,4,2022
2022-03-01,407821,midtier,ozthementalist,3,2022
2022-02-01,106148,midtier,ozthementalist,2,2022
2022-01-01,94666,midtier,ozthementalist,1,2022
2021-12-01,95509,midtier,ozthementalist,12,2021
2021-11-01,96604,midtier,ozthementalist,11,2021
2021-10-01,97832,midtier,ozthementalist,10,2021
2021-09-01,99076,midtier,ozthementalist,9,2021
2021-08-01,100358,midtier,ozthementalist,8,2021
2021-07-01,103030,midtier,ozthementalist,7,2021
2021-06-01,105434,midtier,ozthementalist,6,2021
2021-05-01,78926,midtier,ozthementalist,5,2021
2021-04-02,80061,midtier,ozthementalist,4,2021
2021-03-01,81843,midtier,ozthementalist,3,2021
2021-02-01,73899,midtier,ozthementalist,2,2021
2021-01-01,74882,midtier,ozthementalist,1,2021
2020-12-01,76526,midtier,ozthementalist,12,2020
2020-11-01,69203,midtier,ozthementalist,11,2020
2020-10-01,52251,midtier,ozthementalist,10,2020
2020-09-01,52649,midtier,ozthementalist,9,2020
2020-08-01,52841,midtier,ozthementalist,8,2020
2020-07-01,52735,midtier,ozthementalist,7,2020
2020-06-01,53466,midtier,ozthementalist,6,2020
2020-05-01,54364,midtier,ozthementalist,5,2020
2020-04-01,55592,midtier,ozthementalist,4,2020
2020-03-01,43697,mikro,ozthementalist,3,2020
2020-02-01,43931,mikro,ozthementalist,2,2020
2020-01-01,42827,mikro,ozthementalist,1,2020
2019-12-01,43170,mikro,ozthementalist,12,2019
2019-11-01,43700,mikro,ozthementalist,11,2019
2019-10-01,44251,mikro,ozthementalist,10,2019
2019-09-01,45213,mikro,ozthementalist,9,2019
2019-08-01,25694,mikro,ozthementalist,8,2019
2019-07-01,25709,mikro,ozthementalist,7,2019
2019-06-01,25521,mikro,ozthementalist,6,2019
2019-05-01,25334,mikro,ozthementalist,5,2019
2019-04-01,25209,mikro,ozthementalist,4,2019
2019-03-02,24880,mikro,ozthementalist,3,2019
2019-02-01,24621,mikro,ozthementalist,2,2019
2019-01-01,24646,mikro,ozthementalist,1,2019
2023-06-01,1719224,mega,krista.horton,6,2023
2023-05-01,1709228,mega,krista.horton,5,2023
2023-04-01,1722152,mega,krista.horton,4,2023
2023-03-01,1720283,mega,krista.horton,3,2023
2023-02-01,1675124,mega,krista.horton,2,2023
2023-01-01,1584491,mega,krista.horton,1,2023
2022-12-01,1493835,mega,krista.horton,12,2022
2022-11-01,1471905,mega,krista.horton,11,2022
2022-10-01,1448039,mega,krista.horton,10,2022
2022-09-01,1449721,mega,krista.horton,9,2022
2022-08-01,1438672,mega,krista.horton,8,2022
2022-07-01,1432968,mega,krista.horton,7,2022
2022-06-01,1430720,mega,krista.horton,6,2022
2022-05-01,1431632,mega,krista.horton,5,2022
2022-04-01,1419450,mega,krista.horton,4,2022
2022-03-01,1426335,mega,krista.horton,3,2022
2022-02-01,1411165,mega,krista.horton,2,2022
2022-01-01,1410008,mega,krista.horton,1,2022
2021-12-01,1419370,mega,krista.horton,12,2021
2021-11-01,1405190,mega,krista.horton,11,2021
2021-10-01,1385264,mega,krista.horton,10,2021
2021-09-01,1355595,mega,krista.horton,9,2021
2021-08-01,1350242,mega,krista.horton,8,2021
2021-07-01,1351831,mega,krista.horton,7,2021
2021-06-01,1362257,mega,krista.horton,6,2021
2021-05-01,1373088,mega,krista.horton,5,2021
2021-04-01,1308067,mega,krista.horton,4,2021
2021-03-01,1342889,mega,krista.horton,3,2021
2021-02-01,1270100,mega,krista.horton,2,2021
2021-01-01,1160168,mega,krista.horton,1,2021
2020-12-01,1020656,mega,krista.horton,12,2020
2020-11-01,929145,makro,krista.horton,11,2020
2020-10-01,827351,makro,krista.horton,10,2020
2020-09-01,746794,makro,krista.horton,9,2020
2020-08-01,740269,makro,krista.horton,8,2020
2020-07-01,725887,makro,krista.horton,7,2020
2020-06-01,723872,makro,krista.horton,6,2020
2020-05-01,721491,makro,krista.horton,5,2020
2020-04-01,601794,makro,krista.horton,4,2020
2020-03-01,579631,makro,krista.horton,3,2020
2020-02-01,557023,makro,krista.horton,2,2020
2020-01-01,563795,makro,krista.horton,1,2020
2019-12-01,536771,makro,krista.horton,12,2019
2019-11-01,520339,makro,krista.horton,11,2019
2019-10-01,499481,midtier,krista.horton,10,2019
2019-09-01,435781,midtier,krista.horton,9,2019
2019-08-20,428492,midtier,krista.horton,8,2019
2019-04-01,315080,midtier,krista.horton,4,2019
2019-03-01,310199,midtier,krista.horton,3,2019
2019-02-01,290817,midtier,krista.horton,2,2019
2019-01-01,274345,midtier,krista.horton,1,2019
2023-06-01,1641043,mega,witneycarson,6,2023
2023-05-01,1629939,mega,witneycarson,5,2023
2023-04-01,1622991,mega,witneycarson,4,2023
2023-03-01,1617063,mega,witneycarson,3,2023
2023-02-01,1615735,mega,witneycarson,2,2023
2023-01-01,1600305,mega,witneycarson,1,2023
2022-12-01,1544573,mega,witneycarson,12,2022
2022-11-01,1517449,mega,witneycarson,11,2022
2022-10-01,1504086,mega,witneycarson,10,2022
2022-09-01,1498053,mega,witneycarson,9,2022
2022-08-01,1499341,mega,witneycarson,8,2022
2022-07-01,1498184,mega,witneycarson,7,2022
2022-06-01,1500928,mega,witneycarson,6,2022
2022-05-01,1503971,mega,witneycarson,5,2022
2022-04-01,1505421,mega,witneycarson,4,2022
2022-03-01,1505370,mega,witneycarson,3,2022
2022-02-01,1502918,mega,witneycarson,2,2022
2022-01-01,1507808,mega,witneycarson,1,2022
2021-12-01,1472403,mega,witneycarson,12,2021
2021-11-01,1466700,mega,witneycarson,11,2021
2021-10-01,1449076,mega,witneycarson,10,2021
2021-09-01,1428664,mega,witneycarson,9,2021
2021-08-01,1421076,mega,witneycarson,8,2021
2021-07-01,1427739,mega,witneycarson,7,2021
2021-06-01,1428122,mega,witneycarson,6,2021
2021-05-01,1400596,mega,witneycarson,5,2021
2021-04-01,1345367,mega,witneycarson,4,2021
2021-03-01,1349900,mega,witneycarson,3,2021
2021-02-01,1310422,mega,witneycarson,2,2021
2021-01-01,1276793,mega,witneycarson,1,2021
2020-12-01,1269044,mega,witneycarson,12,2020
2020-11-01,1254192,mega,witneycarson,11,2020
2020-10-01,1248069,mega,witneycarson,10,2020
2020-09-01,1235174,mega,witneycarson,9,2020
2020-08-01,1222038,mega,witneycarson,8,2020
2020-07-01,1194084,mega,witneycarson,7,2020
2020-06-01,1200270,mega,witneycarson,6,2020
2020-05-01,1199915,mega,witneycarson,5,2020
2020-04-01,1202769,mega,witneycarson,4,2020
2020-03-01,1200298,mega,witneycarson,3,2020
2020-02-01,1203800,mega,witneycarson,2,2020
2020-01-01,1203614,mega,witneycarson,1,2020
2019-12-01,1200314,mega,witneycarson,12,2019
2019-11-01,1177376,mega,witneycarson,11,2019
2019-10-01,1166406,mega,witneycarson,10,2019
2019-09-01,1161667,mega,witneycarson,9,2019
2019-08-01,1163828,mega,witneycarson,8,2019
2019-07-01,1167361,mega,witneycarson,7,2019
2019-06-01,1172861,mega,witneycarson,6,2019
2019-05-02,1177216,mega,witneycarson,5,2019
2019-04-01,1183781,mega,witneycarson,4,2019
2019-03-01,1190616,mega,witneycarson,3,2019
2019-02-01,1196458,mega,witneycarson,2,2019
2019-01-01,1196909,mega,witneycarson,1,2019
2023-06-01,2042847,mega,myaplanet9,6,2023
2023-05-01,2020643,mega,myaplanet9,5,2023
2023-04-01,2008599,mega,myaplanet9,4,2023
2023-03-01,1996471,mega,myaplanet9,3,2023
2023-02-01,1977520,mega,myaplanet9,2,2023
2023-01-01,1973259,mega,myaplanet9,1,2023
2022-12-01,1963425,mega,myaplanet9,12,2022
2022-11-01,1962136,mega,myaplanet9,11,2022
2022-10-01,1945865,mega,myaplanet9,10,2022
2022-09-01,1941603,mega,myaplanet9,9,2022
2022-08-01,1930291,mega,myaplanet9,8,2022
2022-07-01,1929954,mega,myaplanet9,7,2022
2022-06-01,1917406,mega,myaplanet9,6,2022
2022-05-01,1909128,mega,myaplanet9,5,2022
2022-04-01,1876261,mega,myaplanet9,4,2022
2022-03-01,1850605,mega,myaplanet9,3,2022
2022-02-01,1850828,mega,myaplanet9,2,2022
2022-01-01,1849681,mega,myaplanet9,1,2022
2021-12-01,1817167,mega,myaplanet9,12,2021
2021-11-01,1812876,mega,myaplanet9,11,2021
2021-10-01,1812139,mega,myaplanet9,10,2021
2021-09-02,1811417,mega,myaplanet9,9,2021
2021-08-01,1796262,mega,myaplanet9,8,2021
2021-07-01,1782494,mega,myaplanet9,7,2021
2021-06-01,1774942,mega,myaplanet9,6,2021
2021-05-01,1777526,mega,myaplanet9,5,2021
2021-04-01,1767427,mega,myaplanet9,4,2021
2021-03-01,1767036,mega,myaplanet9,3,2021
2021-02-01,1759039,mega,myaplanet9,2,2021
2021-01-01,1747578,mega,myaplanet9,1,2021
2020-12-01,1736051,mega,myaplanet9,12,2020
2020-11-01,1719546,mega,myaplanet9,11,2020
2020-10-01,1704217,mega,myaplanet9,10,2020
2020-09-01,1696624,mega,myaplanet9,9,2020
2020-08-01,1682201,mega,myaplanet9,8,2020
2020-07-01,1664459,mega,myaplanet9,7,2020
2020-06-01,1658029,mega,myaplanet9,6,2020
2020-05-01,1643406,mega,myaplanet9,5,2020
2020-04-01,1613418,mega,myaplanet9,4,2020
2020-03-01,1586861,mega,myaplanet9,3,2020
2020-02-01,1548424,mega,myaplanet9,2,2020
2020-01-01,1512620,mega,myaplanet9,1,2020
2019-12-01,1476581,mega,myaplanet9,12,2019
2019-11-01,1445791,mega,myaplanet9,11,2019
2019-10-01,1406205,mega,myaplanet9,10,2019
2019-09-01,1369447,mega,myaplanet9,9,2019
2019-08-01,1335337,mega,myaplanet9,8,2019
2019-07-01,1299786,mega,myaplanet9,7,2019
2019-06-01,1277565,mega,myaplanet9,6,2019
2019-05-01,1258950,mega,myaplanet9,5,2019
2019-04-01,1237899,mega,myaplanet9,4,2019
2019-03-01,1213373,mega,myaplanet9,3,2019
2019-02-01,1186789,mega,myaplanet9,2,2019
2019-01-01,1154029,mega,myaplanet9,1,2019
2023-06-01,1844704,mega,christianmccaffrey,6,2023
2023-05-01,1845249,mega,christianmccaffrey,5,2023
2023-04-01,1825210,mega,christianmccaffrey,4,2023
2023-03-01,1819348,mega,christianmccaffrey,3,2023
2023-02-01,1779714,mega,christianmccaffrey,2,2023
2023-01-01,1672400,mega,christianmccaffrey,1,2023
2022-12-01,1619295,mega,christianmccaffrey,12,2022
2022-11-01,1573432,mega,christianmccaffrey,11,2022
2022-10-01,1451438,mega,christianmccaffrey,10,2022
2022-09-01,1453951,mega,christianmccaffrey,9,2022
2022-08-01,1456153,mega,christianmccaffrey,8,2022
2022-07-01,1458774,mega,christianmccaffrey,7,2022
2022-06-01,1463223,mega,christianmccaffrey,6,2022
2022-05-01,1470180,mega,christianmccaffrey,5,2022
2022-04-01,1475861,mega,christianmccaffrey,4,2022
2022-03-01,1479083,mega,christianmccaffrey,3,2022
2022-02-01,1487101,mega,christianmccaffrey,2,2022
2022-01-01,1496608,mega,christianmccaffrey,1,2022
2021-12-01,1504087,mega,christianmccaffrey,12,2021
2021-11-01,1505075,mega,christianmccaffrey,11,2021
2021-10-01,1509491,mega,christianmccaffrey,10,2021
2021-09-01,1501457,mega,christianmccaffrey,9,2021
2021-08-03,1497085,mega,christianmccaffrey,8,2021
2021-07-01,1493253,mega,christianmccaffrey,7,2021
2021-06-01,1487242,mega,christianmccaffrey,6,2021
2021-05-01,1483245,mega,christianmccaffrey,5,2021
2021-04-01,1476346,mega,christianmccaffrey,4,2021
2021-03-01,1466295,mega,christianmccaffrey,3,2021
2021-02-01,1463028,mega,christianmccaffrey,2,2021
2021-01-01,1467309,mega,christianmccaffrey,1,2021
2020-12-01,1472338,mega,christianmccaffrey,12,2020
2020-11-01,1472733,mega,christianmccaffrey,11,2020
2020-10-01,1471038,mega,christianmccaffrey,10,2020
2020-09-01,1450734,mega,christianmccaffrey,9,2020
2020-08-01,1443008,mega,christianmccaffrey,8,2020
2020-07-01,1419270,mega,christianmccaffrey,7,2020
2020-06-01,1410499,mega,christianmccaffrey,6,2020
2020-05-01,1394835,mega,christianmccaffrey,5,2020
2020-04-01,1365567,mega,christianmccaffrey,4,2020
2020-03-01,1343994,mega,christianmccaffrey,3,2020
2020-02-01,1312810,mega,christianmccaffrey,2,2020
2020-01-01,1253326,mega,christianmccaffrey,1,2020
2019-12-01,1179526,mega,christianmccaffrey,12,2019
2019-11-01,1085513,mega,christianmccaffrey,11,2019
2019-10-01,929964,makro,christianmccaffrey,10,2019
2019-09-01,884406,makro,christianmccaffrey,9,2019
2019-08-01,864783,makro,christianmccaffrey,8,2019
2019-07-01,838473,makro,christianmccaffrey,7,2019
2019-06-01,823896,makro,christianmccaffrey,6,2019
2019-05-01,793921,makro,christianmccaffrey,5,2019
2019-04-01,772529,makro,christianmccaffrey,4,2019
2019-03-02,771667,makro,christianmccaffrey,3,2019
2019-02-01,766593,makro,christianmccaffrey,2,2019
2019-01-01,755566,makro,christianmccaffrey,1,2019
2023-06-01,1140246,mega,hairby_chrissy,6,2023
2023-05-01,1135904,mega,hairby_chrissy,5,2023
2023-04-01,1133370,mega,hairby_chrissy,4,2023
2023-03-01,1132185,mega,hairby_chrissy,3,2023
2023-02-01,1132762,mega,hairby_chrissy,2,2023
2023-01-01,1131019,mega,hairby_chrissy,1,2023
2022-12-01,1128764,mega,hairby_chrissy,12,2022
2022-11-24,1128519,mega,hairby_chrissy,11,2022
2022-03-01,1059674,mega,hairby_chrissy,3,2022
2022-02-01,1054454,mega,hairby_chrissy,2,2022
2022-01-01,1040844,mega,hairby_chrissy,1,2022
2021-12-01,1040068,mega,hairby_chrissy,12,2021
2021-11-01,1040660,mega,hairby_chrissy,11,2021
2021-10-01,1044346,mega,hairby_chrissy,10,2021
2021-09-01,1044010,mega,hairby_chrissy,9,2021
2021-08-03,1038966,mega,hairby_chrissy,8,2021
2021-07-01,1044526,mega,hairby_chrissy,7,2021
2021-06-01,1022966,mega,hairby_chrissy,6,2021
2021-05-01,1021745,mega,hairby_chrissy,5,2021
2021-04-01,986438,makro,hairby_chrissy,4,2021
2021-03-01,1000203,mega,hairby_chrissy,3,2021
2021-02-02,917282,makro,hairby_chrissy,2,2021
2021-01-01,907353,makro,hairby_chrissy,1,2021
2020-12-01,901705,makro,hairby_chrissy,12,2020
2020-11-01,894727,makro,hairby_chrissy,11,2020
2020-10-01,863308,makro,hairby_chrissy,10,2020
2020-09-01,833485,makro,hairby_chrissy,9,2020
2020-08-01,802370,makro,hairby_chrissy,8,2020
2020-07-01,775290,makro,hairby_chrissy,7,2020
2020-06-01,755506,makro,hairby_chrissy,6,2020
2020-05-01,734625,makro,hairby_chrissy,5,2020
2020-04-01,723687,makro,hairby_chrissy,4,2020
2020-03-01,709092,makro,hairby_chrissy,3,2020
2020-02-01,696469,makro,hairby_chrissy,2,2020
2020-01-01,683358,makro,hairby_chrissy,1,2020
2019-12-01,672768,makro,hairby_chrissy,12,2019
2019-11-01,653721,makro,hairby_chrissy,11,2019
2019-10-01,641128,makro,hairby_chrissy,10,2019
2019-09-01,632328,makro,hairby_chrissy,9,2019
2019-08-01,618482,makro,hairby_chrissy,8,2019
2019-07-01,607493,makro,hairby_chrissy,7,2019
2019-06-01,598332,makro,hairby_chrissy,6,2019
2019-05-01,578681,makro,hairby_chrissy,5,2019
2019-04-01,549416,makro,hairby_chrissy,4,2019
2019-03-01,526728,makro,hairby_chrissy,3,2019
2019-02-01,507050,makro,hairby_chrissy,2,2019
2019-01-01,488654,midtier,hairby_chrissy,1,2019
2023-06-01,1357293,mega,codyrigsby,6,2023
2023-05-01,1355083,mega,codyrigsby,5,2023
2023-04-01,1350433,mega,codyrigsby,4,2023
2023-03-01,1344287,mega,codyrigsby,3,2023
2023-02-01,1331181,mega,codyrigsby,2,2023
2023-01-01,1323119,mega,codyrigsby,1,2023
2022-12-01,1321355,mega,codyrigsby,12,2022
2022-11-01,1314370,mega,codyrigsby,11,2022
2022-10-01,1301374,mega,codyrigsby,10,2022
2022-09-01,1292706,mega,codyrigsby,9,2022
2022-08-01,1286109,mega,codyrigsby,8,2022
2022-07-01,1265048,mega,codyrigsby,7,2022
2022-06-01,1237040,mega,codyrigsby,6,2022
2022-05-01,1176744,mega,codyrigsby,5,2022
2022-04-01,1117358,mega,codyrigsby,4,2022
2022-03-01,1059544,mega,codyrigsby,3,2022
2022-02-01,1031240,mega,codyrigsby,2,2022
2022-01-01,1008203,mega,codyrigsby,1,2022
2021-12-01,989429,makro,codyrigsby,12,2021
2021-11-01,970746,makro,codyrigsby,11,2021
2021-10-01,939270,makro,codyrigsby,10,2021
2021-09-01,852939,makro,codyrigsby,9,2021
2021-08-02,802684,makro,codyrigsby,8,2021
2021-07-01,775766,makro,codyrigsby,7,2021
2021-06-01,725574,makro,codyrigsby,6,2021
2021-05-01,694817,makro,codyrigsby,5,2021
2021-04-01,658650,makro,codyrigsby,4,2021
2021-03-01,607888,makro,codyrigsby,3,2021
2021-02-01,541941,makro,codyrigsby,2,2021
2021-01-01,473772,midtier,codyrigsby,1,2021
2020-12-01,432121,midtier,codyrigsby,12,2020
2020-11-01,404355,midtier,codyrigsby,11,2020
2020-10-01,377910,midtier,codyrigsby,10,2020
2020-09-01,345254,midtier,codyrigsby,9,2020
2020-08-01,316317,midtier,codyrigsby,8,2020
2020-07-01,269528,midtier,codyrigsby,7,2020
2020-06-01,244986,midtier,codyrigsby,6,2020
2020-05-01,209517,midtier,codyrigsby,5,2020
2020-04-01,163804,midtier,codyrigsby,4,2020
2020-03-01,146406,midtier,codyrigsby,3,2020
2020-02-01,134690,midtier,codyrigsby,2,2020
2020-01-01,117482,midtier,codyrigsby,1,2020
2019-12-01,109443,midtier,codyrigsby,12,2019
2019-11-01,104378,midtier,codyrigsby,11,2019
2019-10-01,99689,midtier,codyrigsby,10,2019
2019-09-01,95525,midtier,codyrigsby,9,2019
2019-08-01,90948,midtier,codyrigsby,8,2019
2019-07-01,86402,midtier,codyrigsby,7,2019
2019-06-01,81056,midtier,codyrigsby,6,2019
2019-05-01,76621,midtier,codyrigsby,5,2019
2019-04-01,72219,midtier,codyrigsby,4,2019
2019-03-02,67957,midtier,codyrigsby,3,2019
2019-02-01,59788,midtier,codyrigsby,2,2019
2019-01-01,52406,midtier,codyrigsby,1,2019
2023-06-01,1395221,mega,jadelizroper,6,2023
2023-05-01,1399456,mega,jadelizroper,5,2023
2023-04-01,1404511,mega,jadelizroper,4,2023
2023-03-01,1412310,mega,jadelizroper,3,2023
2023-02-01,1415467,mega,jadelizroper,2,2023
2023-01-01,1410173,mega,jadelizroper,1,2023
2022-12-01,1411433,mega,jadelizroper,12,2022
2022-11-01,1417201,mega,jadelizroper,11,2022
2022-10-01,1415286,mega,jadelizroper,10,2022
2022-09-01,1419616,mega,jadelizroper,9,2022
2022-08-01,1426264,mega,jadelizroper,8,2022
2022-07-01,1434022,mega,jadelizroper,7,2022
2022-06-01,1443056,mega,jadelizroper,6,2022
2022-05-01,1448930,mega,jadelizroper,5,2022
2022-04-01,1456143,mega,jadelizroper,4,2022
2022-03-01,1464905,mega,jadelizroper,3,2022
2022-02-01,1470636,mega,jadelizroper,2,2022
2022-01-01,1477478,mega,jadelizroper,1,2022
2021-12-01,1484495,mega,jadelizroper,12,2021
2021-11-01,1489550,mega,jadelizroper,11,2021
2021-10-01,1497381,mega,jadelizroper,10,2021
2021-09-01,1503873,mega,jadelizroper,9,2021
2021-08-01,1510459,mega,jadelizroper,8,2021
2021-07-01,1521081,mega,jadelizroper,7,2021
2021-06-01,1532317,mega,jadelizroper,6,2021
2021-05-01,1524787,mega,jadelizroper,5,2021
2021-04-01,1521098,mega,jadelizroper,4,2021
2021-03-01,1541236,mega,jadelizroper,3,2021
2021-02-01,1521325,mega,jadelizroper,2,2021
2021-01-01,1438259,mega,jadelizroper,1,2021
2020-12-01,1405863,mega,jadelizroper,12,2020
2020-11-01,1368759,mega,jadelizroper,11,2020
2020-10-01,1347975,mega,jadelizroper,10,2020
2020-09-01,1353474,mega,jadelizroper,9,2020
2020-08-01,1357259,mega,jadelizroper,8,2020
2020-07-01,1358840,mega,jadelizroper,7,2020
2020-06-01,1360948,mega,jadelizroper,6,2020
2020-05-01,1312238,mega,jadelizroper,5,2020
2020-04-01,1297592,mega,jadelizroper,4,2020
2020-03-01,1302018,mega,jadelizroper,3,2020
2020-02-01,1304352,mega,jadelizroper,2,2020
2020-01-01,1311798,mega,jadelizroper,1,2020
2019-12-01,1278181,mega,jadelizroper,12,2019
2019-11-01,1262902,mega,jadelizroper,11,2019
2019-10-01,1261310,mega,jadelizroper,10,2019
2019-09-01,1241481,mega,jadelizroper,9,2019
2019-08-01,1197767,mega,jadelizroper,8,2019
2019-07-01,1147957,mega,jadelizroper,7,2019
2019-06-01,1146512,mega,jadelizroper,6,2019
2019-05-02,1107490,mega,jadelizroper,5,2019
2019-04-01,1108985,mega,jadelizroper,4,2019
2019-03-01,1058432,mega,jadelizroper,3,2019
2019-02-01,1049095,mega,jadelizroper,2,2019
2019-01-01,1037164,mega,jadelizroper,1,2019
2023-06-01,1265336,mega,duggarfam,6,2023
2023-05-01,1268369,mega,duggarfam,5,2023
2023-04-01,1270778,mega,duggarfam,4,2023
2023-03-01,1274786,mega,duggarfam,3,2023
2023-02-01,1277359,mega,duggarfam,2,2023
2023-01-01,1281998,mega,duggarfam,1,2023
2022-12-01,1286326,mega,duggarfam,12,2022
2022-11-01,1289182,mega,duggarfam,11,2022
2022-10-01,1292537,mega,duggarfam,10,2022
2022-09-01,1296006,mega,duggarfam,9,2022
2022-08-01,1299337,mega,duggarfam,8,2022
2022-07-01,1302892,mega,duggarfam,7,2022
2022-06-01,1306087,mega,duggarfam,6,2022
2022-05-01,1308543,mega,duggarfam,5,2022
2022-04-01,1311142,mega,duggarfam,4,2022
2022-03-01,1314487,mega,duggarfam,3,2022
2022-02-01,1317805,mega,duggarfam,2,2022
2022-01-01,1321649,mega,duggarfam,1,2022
2021-12-01,1319567,mega,duggarfam,12,2021
2021-11-01,1324995,mega,duggarfam,11,2021
2021-10-01,1327544,mega,duggarfam,10,2021
2021-09-01,1330448,mega,duggarfam,9,2021
2021-08-02,1332304,mega,duggarfam,8,2021
2021-07-01,1333484,mega,duggarfam,7,2021
2021-06-01,1336404,mega,duggarfam,6,2021
2021-05-01,1334215,mega,duggarfam,5,2021
2021-04-01,1328569,mega,duggarfam,4,2021
2021-03-01,1327353,mega,duggarfam,3,2021
2021-02-01,1328212,mega,duggarfam,2,2021
2021-01-01,1330564,mega,duggarfam,1,2021
2020-12-02,1329824,mega,duggarfam,12,2020
2020-11-01,1330155,mega,duggarfam,11,2020
2020-10-01,1329234,mega,duggarfam,10,2020
2020-09-01,1322130,mega,duggarfam,9,2020
2020-08-01,1313009,mega,duggarfam,8,2020
2020-07-01,1307161,mega,duggarfam,7,2020
2020-06-01,1306583,mega,duggarfam,6,2020
2020-05-01,1304407,mega,duggarfam,5,2020
2020-04-01,1302896,mega,duggarfam,4,2020
2020-03-01,1299097,mega,duggarfam,3,2020
2020-02-01,1297636,mega,duggarfam,2,2020
2020-01-01,1292066,mega,duggarfam,1,2020
2019-12-01,1278566,mega,duggarfam,12,2019
2019-11-01,1262705,mega,duggarfam,11,2019
2019-10-01,1256831,mega,duggarfam,10,2019
2019-09-01,1252656,mega,duggarfam,9,2019
2019-08-01,1247389,mega,duggarfam,8,2019
2019-07-01,1229298,mega,duggarfam,7,2019
2019-06-01,1218779,mega,duggarfam,6,2019
2019-05-01,1209432,mega,duggarfam,5,2019
2019-04-01,1199616,mega,duggarfam,4,2019
2019-03-01,1198004,mega,duggarfam,3,2019
2019-02-01,1196374,mega,duggarfam,2,2019
2019-01-01,1192386,mega,duggarfam,1,2019
2023-06-01,1074264,mega,chikalogy,6,2023
2023-05-01,1077816,mega,chikalogy,5,2023
2023-04-01,1080379,mega,chikalogy,4,2023
2023-03-01,1083820,mega,chikalogy,3,2023
2023-02-01,1086753,mega,chikalogy,2,2023
2023-01-01,1091397,mega,chikalogy,1,2023
2022-12-01,1095300,mega,chikalogy,12,2022
2022-11-01,1097477,mega,chikalogy,11,2022
2022-10-01,1089212,mega,chikalogy,10,2022
2022-09-01,1094148,mega,chikalogy,9,2022
2022-08-01,1098691,mega,chikalogy,8,2022
2022-07-01,1095767,mega,chikalogy,7,2022
2022-06-01,1100589,mega,chikalogy,6,2022
2022-05-01,1106577,mega,chikalogy,5,2022
2022-04-01,1112692,mega,chikalogy,4,2022
2022-03-01,1098190,mega,chikalogy,3,2022
2022-02-01,1104934,mega,chikalogy,2,2022
2022-01-01,1112481,mega,chikalogy,1,2022
2021-12-01,1118559,mega,chikalogy,12,2021
2021-11-01,1123080,mega,chikalogy,11,2021
2021-10-01,1133787,mega,chikalogy,10,2021
2021-09-01,1138861,mega,chikalogy,9,2021
2021-08-03,1142765,mega,chikalogy,8,2021
2021-07-01,1148375,mega,chikalogy,7,2021
2021-06-01,1147451,mega,chikalogy,6,2021
2021-05-01,1150072,mega,chikalogy,5,2021
2021-04-01,1148391,mega,chikalogy,4,2021
2021-03-01,1136329,mega,chikalogy,3,2021
2021-02-01,1137147,mega,chikalogy,2,2021
2021-01-01,1141665,mega,chikalogy,1,2021
2020-12-01,1144852,mega,chikalogy,12,2020
2020-11-01,1148469,mega,chikalogy,11,2020
2020-10-01,1148007,mega,chikalogy,10,2020
2020-09-01,1130488,mega,chikalogy,9,2020
2020-08-01,1072839,mega,chikalogy,8,2020
2020-07-01,1069229,mega,chikalogy,7,2020
2020-06-01,1061500,mega,chikalogy,6,2020
2020-05-01,1054386,mega,chikalogy,5,2020
2020-04-01,1043727,mega,chikalogy,4,2020
2020-03-01,831186,makro,chikalogy,3,2020
2020-02-01,837330,makro,chikalogy,2,2020
2020-01-20,838569,makro,chikalogy,1,2020
2019-11-01,839478,makro,chikalogy,11,2019
2019-10-01,835980,makro,chikalogy,10,2019
2019-09-01,825584,makro,chikalogy,9,2019
2019-08-20,810945,makro,chikalogy,8,2019
2019-04-01,560009,makro,chikalogy,4,2019
2019-03-02,562544,makro,chikalogy,3,2019
2019-02-01,544321,makro,chikalogy,2,2019
2019-01-01,544921,makro,chikalogy,1,2019
2023-06-01,1131018,mega,beccatilley,6,2023
2023-05-01,1133501,mega,beccatilley,5,2023
2023-04-01,1136351,mega,beccatilley,4,2023
2023-03-01,1139951,mega,beccatilley,3,2023
2023-02-01,1141215,mega,beccatilley,2,2023
2023-01-01,1147250,mega,beccatilley,1,2023
2022-12-01,1151765,mega,beccatilley,12,2022
2022-11-01,1153425,mega,beccatilley,11,2022
2022-10-01,1149991,mega,beccatilley,10,2022
2022-09-01,1151976,mega,beccatilley,9,2022
2022-08-01,1154781,mega,beccatilley,8,2022
2022-07-01,1156693,mega,beccatilley,7,2022
2022-06-01,1148470,mega,beccatilley,6,2022
2022-05-01,1105385,mega,beccatilley,5,2022
2022-04-01,1102158,mega,beccatilley,4,2022
2022-03-01,1101866,mega,beccatilley,3,2022
2022-02-01,1106054,mega,beccatilley,2,2022
2022-01-01,1111872,mega,beccatilley,1,2022
2021-12-01,1115195,mega,beccatilley,12,2021
2021-11-01,1116221,mega,beccatilley,11,2021
2021-10-01,1118491,mega,beccatilley,10,2021
2021-09-01,1120599,mega,beccatilley,9,2021
2021-08-02,1124031,mega,beccatilley,8,2021
2021-07-01,1130787,mega,beccatilley,7,2021
2021-06-01,1137900,mega,beccatilley,6,2021
2021-05-01,1147234,mega,beccatilley,5,2021
2021-04-01,1105144,mega,beccatilley,4,2021
2021-03-01,1110059,mega,beccatilley,3,2021
2021-02-01,1119423,mega,beccatilley,2,2021
2021-01-01,1071949,mega,beccatilley,1,2021
2020-12-01,1075184,mega,beccatilley,12,2020
2020-11-01,1077645,mega,beccatilley,11,2020
2020-10-01,1079790,mega,beccatilley,10,2020
2020-09-01,1083239,mega,beccatilley,9,2020
2020-08-01,1085827,mega,beccatilley,8,2020
2020-07-01,1089701,mega,beccatilley,7,2020
2020-06-01,1092532,mega,beccatilley,6,2020
2020-05-02,1099225,mega,beccatilley,5,2020
2020-04-01,1106063,mega,beccatilley,4,2020
2020-03-01,1108795,mega,beccatilley,3,2020
2020-02-01,1114650,mega,beccatilley,2,2020
2020-01-01,1109768,mega,beccatilley,1,2020
2019-12-01,1113353,mega,beccatilley,12,2019
2019-11-01,1113104,mega,beccatilley,11,2019
2019-10-01,1112049,mega,beccatilley,10,2019
2019-09-01,1111192,mega,beccatilley,9,2019
2019-08-20,1110501,mega,beccatilley,8,2019
2019-06-01,1118411,mega,beccatilley,6,2019
2019-05-02,1124425,mega,beccatilley,5,2019
2019-04-01,1132596,mega,beccatilley,4,2019
2019-03-01,1139268,mega,beccatilley,3,2019
2019-02-01,1140150,mega,beccatilley,2,2019
2019-01-01,1148102,mega,beccatilley,1,2019
2023-06-01,1233808,mega,wolfiesmom,6,2023
2023-05-01,1223953,mega,wolfiesmom,5,2023
2023-04-01,1211252,mega,wolfiesmom,4,2023
2023-03-01,1201802,mega,wolfiesmom,3,2023
2023-02-01,1187513,mega,wolfiesmom,2,2023
2023-01-01,1166304,mega,wolfiesmom,1,2023
2022-12-01,1157617,mega,wolfiesmom,12,2022
2022-11-01,1142980,mega,wolfiesmom,11,2022
2022-10-01,1133725,mega,wolfiesmom,10,2022
2022-09-01,1127765,mega,wolfiesmom,9,2022
2022-08-01,1119902,mega,wolfiesmom,8,2022
2022-07-01,1111476,mega,wolfiesmom,7,2022
2022-06-01,1095979,mega,wolfiesmom,6,2022
2022-05-01,1092252,mega,wolfiesmom,5,2022
2022-04-01,1079104,mega,wolfiesmom,4,2022
2022-03-01,1073546,mega,wolfiesmom,3,2022
2022-02-01,1062316,mega,wolfiesmom,2,2022
2022-01-01,1022786,mega,wolfiesmom,1,2022
2021-12-01,970964,makro,wolfiesmom,12,2021
2021-11-01,961982,makro,wolfiesmom,11,2021
2021-10-01,950976,makro,wolfiesmom,10,2021
2021-09-02,945057,makro,wolfiesmom,9,2021
2021-08-03,929136,makro,wolfiesmom,8,2021
2021-07-01,814252,makro,wolfiesmom,7,2021
2021-06-01,801668,makro,wolfiesmom,6,2021
2021-05-01,788968,makro,wolfiesmom,5,2021
2021-04-01,783016,makro,wolfiesmom,4,2021
2021-03-01,771148,makro,wolfiesmom,3,2021
2021-02-01,756635,makro,wolfiesmom,2,2021
2021-01-01,735594,makro,wolfiesmom,1,2021
2020-12-01,728580,makro,wolfiesmom,12,2020
2020-11-01,720896,makro,wolfiesmom,11,2020
2020-10-01,591270,makro,wolfiesmom,10,2020
2020-09-01,583301,makro,wolfiesmom,9,2020
2020-08-01,574200,makro,wolfiesmom,8,2020
2020-07-01,556587,makro,wolfiesmom,7,2020
2020-06-01,545846,makro,wolfiesmom,6,2020
2020-05-01,520962,makro,wolfiesmom,5,2020
2020-04-01,494885,midtier,wolfiesmom,4,2020
2020-03-01,470625,midtier,wolfiesmom,3,2020
2020-02-01,452401,midtier,wolfiesmom,2,2020
2020-01-01,422932,midtier,wolfiesmom,1,2020
2019-12-01,409428,midtier,wolfiesmom,12,2019
2019-11-01,398064,midtier,wolfiesmom,11,2019
2019-10-01,387401,midtier,wolfiesmom,10,2019
2019-09-01,368265,midtier,wolfiesmom,9,2019
2019-08-01,354917,midtier,wolfiesmom,8,2019
2019-07-01,348044,midtier,wolfiesmom,7,2019
2019-06-01,340147,midtier,wolfiesmom,6,2019
2019-05-01,331031,midtier,wolfiesmom,5,2019
2019-04-01,321423,midtier,wolfiesmom,4,2019
2019-03-02,307959,midtier,wolfiesmom,3,2019
2019-02-01,298604,midtier,wolfiesmom,2,2019
2019-01-01,282491,midtier,wolfiesmom,1,2019
2023-06-01,1200936,mega,stevenrinella,6,2023
2023-05-01,1193820,mega,stevenrinella,5,2023
2023-04-01,1188080,mega,stevenrinella,4,2023
2023-03-01,1179773,mega,stevenrinella,3,2023
2023-02-01,1173077,mega,stevenrinella,2,2023
2023-01-01,1159587,mega,stevenrinella,1,2023
2022-12-01,1148309,mega,stevenrinella,12,2022
2022-11-01,1134177,mega,stevenrinella,11,2022
2022-10-01,1111960,mega,stevenrinella,10,2022
2022-09-01,1095316,mega,stevenrinella,9,2022
2022-08-01,1088233,mega,stevenrinella,8,2022
2022-07-01,1083079,mega,stevenrinella,7,2022
2022-06-01,1078719,mega,stevenrinella,6,2022
2022-05-01,1069606,mega,stevenrinella,5,2022
2022-04-01,1060664,mega,stevenrinella,4,2022
2022-03-01,1051989,mega,stevenrinella,3,2022
2022-02-01,1032777,mega,stevenrinella,2,2022
2022-01-01,1021440,mega,stevenrinella,1,2022
2021-12-01,1004396,mega,stevenrinella,12,2021
2021-11-01,990062,makro,stevenrinella,11,2021
2021-10-01,970156,makro,stevenrinella,10,2021
2021-09-02,959156,makro,stevenrinella,9,2021
2021-08-03,952017,makro,stevenrinella,8,2021
2021-07-01,944478,makro,stevenrinella,7,2021
2021-06-01,940083,makro,stevenrinella,6,2021
2021-05-01,935302,makro,stevenrinella,5,2021
2021-04-01,925465,makro,stevenrinella,4,2021
2021-03-01,909692,makro,stevenrinella,3,2021
2021-02-01,885951,makro,stevenrinella,2,2021
2021-01-01,867891,makro,stevenrinella,1,2021
2020-12-01,831612,makro,stevenrinella,12,2020
2020-11-01,797551,makro,stevenrinella,11,2020
2020-10-01,769008,makro,stevenrinella,10,2020
2020-09-01,745645,makro,stevenrinella,9,2020
2020-08-01,735271,makro,stevenrinella,8,2020
2020-07-01,722746,makro,stevenrinella,7,2020
2020-06-01,709661,makro,stevenrinella,6,2020
2020-05-01,696769,makro,stevenrinella,5,2020
2020-04-01,681483,makro,stevenrinella,4,2020
2020-03-01,668305,makro,stevenrinella,3,2020
2020-02-01,653486,makro,stevenrinella,2,2020
2020-01-01,629713,makro,stevenrinella,1,2020
2019-12-01,604774,makro,stevenrinella,12,2019
2019-11-01,571010,makro,stevenrinella,11,2019
2019-10-01,533454,makro,stevenrinella,10,2019
2019-09-01,510687,makro,stevenrinella,9,2019
2019-08-01,489155,midtier,stevenrinella,8,2019
2019-07-01,478778,midtier,stevenrinella,7,2019
2019-06-01,470267,midtier,stevenrinella,6,2019
2019-05-01,460372,midtier,stevenrinella,5,2019
2019-04-01,449569,midtier,stevenrinella,4,2019
2019-03-01,438166,midtier,stevenrinella,3,2019
2019-02-01,422059,midtier,stevenrinella,2,2019
2019-01-01,403582,midtier,stevenrinella,1,2019
2023-06-01,531469,makro,pattiegonia,6,2023
2023-05-01,525962,makro,pattiegonia,5,2023
2023-04-01,520041,makro,pattiegonia,4,2023
2023-03-01,513697,makro,pattiegonia,3,2023
2023-02-01,503112,makro,pattiegonia,2,2023
2023-01-01,504391,makro,pattiegonia,1,2023
2022-12-02,504176,makro,pattiegonia,12,2022
2022-11-01,492747,midtier,pattiegonia,11,2022
2022-10-01,490408,midtier,pattiegonia,10,2022
2022-09-01,489712,midtier,pattiegonia,9,2022
2022-08-01,488503,midtier,pattiegonia,8,2022
2022-07-01,482584,midtier,pattiegonia,7,2022
2022-06-01,470731,midtier,pattiegonia,6,2022
2022-05-01,471306,midtier,pattiegonia,5,2022
2022-04-01,468062,midtier,pattiegonia,4,2022
2022-03-01,472269,midtier,pattiegonia,3,2022
2022-02-01,468139,midtier,pattiegonia,2,2022
2022-01-01,427452,midtier,pattiegonia,1,2022
2021-12-01,379253,midtier,pattiegonia,12,2021
2021-11-01,369387,midtier,pattiegonia,11,2021
2021-10-01,366446,midtier,pattiegonia,10,2021
2021-09-01,346402,midtier,pattiegonia,9,2021
2021-08-02,345736,midtier,pattiegonia,8,2021
2021-07-01,343158,midtier,pattiegonia,7,2021
2021-06-01,335783,midtier,pattiegonia,6,2021
2021-05-01,331732,midtier,pattiegonia,5,2021
2021-04-01,323361,midtier,pattiegonia,4,2021
2021-03-01,321901,midtier,pattiegonia,3,2021
2021-02-01,320285,midtier,pattiegonia,2,2021
2021-01-01,314728,midtier,pattiegonia,1,2021
2020-12-01,309582,midtier,pattiegonia,12,2020
2020-11-01,296756,midtier,pattiegonia,11,2020
2020-10-01,295988,midtier,pattiegonia,10,2020
2020-09-01,295727,midtier,pattiegonia,9,2020
2020-08-01,293269,midtier,pattiegonia,8,2020
2020-07-01,281093,midtier,pattiegonia,7,2020
2020-06-01,259185,midtier,pattiegonia,6,2020
2020-05-01,241607,midtier,pattiegonia,5,2020
2020-04-01,239098,midtier,pattiegonia,4,2020
2020-03-01,230273,midtier,pattiegonia,3,2020
2020-02-01,228702,midtier,pattiegonia,2,2020
2020-01-01,219492,midtier,pattiegonia,1,2020
2019-12-01,214838,midtier,pattiegonia,12,2019
2019-11-01,194153,midtier,pattiegonia,11,2019
2019-10-01,188265,midtier,pattiegonia,10,2019
2019-09-01,177861,midtier,pattiegonia,9,2019
2019-08-01,174859,midtier,pattiegonia,8,2019
2019-07-01,156952,midtier,pattiegonia,7,2019
2019-06-01,141445,midtier,pattiegonia,6,2019
2019-05-01,132478,midtier,pattiegonia,5,2019
2019-04-01,125188,midtier,pattiegonia,4,2019
2019-03-01,120472,midtier,pattiegonia,3,2019
2019-02-01,113376,midtier,pattiegonia,2,2019
2019-01-15,108038,midtier,pattiegonia,1,2019
2023-06-01,685671,makro,karrie_locher,6,2023
2023-05-01,609706,makro,karrie_locher,5,2023
2023-04-01,602460,makro,karrie_locher,4,2023
2023-03-01,594178,makro,karrie_locher,3,2023
2023-02-01,586891,makro,karrie_locher,2,2023
2023-01-01,572119,makro,karrie_locher,1,2023
2022-12-01,564250,makro,karrie_locher,12,2022
2022-11-01,557582,makro,karrie_locher,11,2022
2022-10-01,549944,makro,karrie_locher,10,2022
2022-09-01,542620,makro,karrie_locher,9,2022
2022-08-01,527383,makro,karrie_locher,8,2022
2022-07-01,515508,makro,karrie_locher,7,2022
2022-06-01,502422,makro,karrie_locher,6,2022
2022-05-01,491498,midtier,karrie_locher,5,2022
2022-04-01,481175,midtier,karrie_locher,4,2022
2022-03-01,467948,midtier,karrie_locher,3,2022
2022-02-01,452596,midtier,karrie_locher,2,2022
2022-01-01,423441,midtier,karrie_locher,1,2022
2021-12-01,402698,midtier,karrie_locher,12,2021
2021-11-01,372902,midtier,karrie_locher,11,2021
2021-10-01,345659,midtier,karrie_locher,10,2021
2021-09-01,318047,midtier,karrie_locher,9,2021
2021-08-03,298285,midtier,karrie_locher,8,2021
2021-07-01,278500,midtier,karrie_locher,7,2021
2021-06-01,262700,midtier,karrie_locher,6,2021
2021-05-01,251133,midtier,karrie_locher,5,2021
2021-04-01,230645,midtier,karrie_locher,4,2021
2021-03-01,212997,midtier,karrie_locher,3,2021
2021-02-01,191619,midtier,karrie_locher,2,2021
2021-01-01,170741,midtier,karrie_locher,1,2021
2020-12-01,143720,midtier,karrie_locher,12,2020
2020-11-01,121484,midtier,karrie_locher,11,2020
2020-10-01,96752,midtier,karrie_locher,10,2020
2020-09-01,75873,midtier,karrie_locher,9,2020
2020-08-01,62242,midtier,karrie_locher,8,2020
2020-07-01,47577,mikro,karrie_locher,7,2020
2020-06-01,40446,mikro,karrie_locher,6,2020
2020-05-01,31771,mikro,karrie_locher,5,2020
2020-04-01,26171,mikro,karrie_locher,4,2020
2020-03-01,23817,mikro,karrie_locher,3,2020
2020-02-01,23769,mikro,karrie_locher,2,2020
2020-01-01,23506,mikro,karrie_locher,1,2020
2019-12-01,23012,mikro,karrie_locher,12,2019
2019-11-01,23093,mikro,karrie_locher,11,2019
2019-10-01,23201,mikro,karrie_locher,10,2019
2019-09-01,23267,mikro,karrie_locher,9,2019
2019-08-01,23378,mikro,karrie_locher,8,2019
2019-07-01,23523,mikro,karrie_locher,7,2019
2019-06-01,23660,mikro,karrie_locher,6,2019
2019-05-01,23850,mikro,karrie_locher,5,2019
2019-04-01,24015,mikro,karrie_locher,4,2019
2019-03-02,24207,mikro,karrie_locher,3,2019
2019-02-01,24385,mikro,karrie_locher,2,2019
2019-01-01,24603,mikro,karrie_locher,1,2019
2023-06-01,914151,makro,the_mommy_talks,6,2023
2023-05-01,850575,makro,the_mommy_talks,5,2023
2023-04-01,758187,makro,the_mommy_talks,4,2023
2023-03-01,652345,makro,the_mommy_talks,3,2023
2023-02-01,555222,makro,the_mommy_talks,2,2023
2023-01-01,452115,midtier,the_mommy_talks,1,2023
2022-12-01,396775,midtier,the_mommy_talks,12,2022
2022-11-01,363567,midtier,the_mommy_talks,11,2022
2022-10-01,340259,midtier,the_mommy_talks,10,2022
2022-09-01,336101,midtier,the_mommy_talks,9,2022
2022-08-01,333873,midtier,the_mommy_talks,8,2022
2022-07-01,330460,midtier,the_mommy_talks,7,2022
2022-06-01,327030,midtier,the_mommy_talks,6,2022
2022-05-01,313801,midtier,the_mommy_talks,5,2022
2022-04-01,295798,midtier,the_mommy_talks,4,2022
2022-03-01,260255,midtier,the_mommy_talks,3,2022
2022-02-01,226254,midtier,the_mommy_talks,2,2022
2022-01-01,210691,midtier,the_mommy_talks,1,2022
2021-12-01,179405,midtier,the_mommy_talks,12,2021
2021-11-01,146692,midtier,the_mommy_talks,11,2021
2021-10-01,135321,midtier,the_mommy_talks,10,2021
2021-09-01,128663,midtier,the_mommy_talks,9,2021
2021-08-01,122106,midtier,the_mommy_talks,8,2021
2021-07-01,112767,midtier,the_mommy_talks,7,2021
2021-06-01,108925,midtier,the_mommy_talks,6,2021
2021-05-01,106171,midtier,the_mommy_talks,5,2021
2021-04-01,103533,midtier,the_mommy_talks,4,2021
2021-03-01,101553,midtier,the_mommy_talks,3,2021
2021-02-01,99410,midtier,the_mommy_talks,2,2021
2021-01-01,96515,midtier,the_mommy_talks,1,2021
2020-12-01,94313,midtier,the_mommy_talks,12,2020
2020-11-01,92442,midtier,the_mommy_talks,11,2020
2020-10-01,89969,midtier,the_mommy_talks,10,2020
2020-09-01,87546,midtier,the_mommy_talks,9,2020
2020-08-01,87740,midtier,the_mommy_talks,8,2020
2020-07-01,86763,midtier,the_mommy_talks,7,2020
2020-06-01,84432,midtier,the_mommy_talks,6,2020
2020-05-01,82710,midtier,the_mommy_talks,5,2020
2020-04-01,80697,midtier,the_mommy_talks,4,2020
2020-03-01,78884,midtier,the_mommy_talks,3,2020
2020-02-01,76893,midtier,the_mommy_talks,2,2020
2020-01-01,74551,midtier,the_mommy_talks,1,2020
2019-12-01,72963,midtier,the_mommy_talks,12,2019
2019-11-01,71667,midtier,the_mommy_talks,11,2019
2019-10-01,69416,midtier,the_mommy_talks,10,2019
2019-09-01,66361,midtier,the_mommy_talks,9,2019
2019-08-01,63441,midtier,the_mommy_talks,8,2019
2019-07-01,59860,midtier,the_mommy_talks,7,2019
2019-06-01,56709,midtier,the_mommy_talks,6,2019
2019-05-01,51816,midtier,the_mommy_talks,5,2019
2019-04-01,45899,mikro,the_mommy_talks,4,2019
2019-03-01,41159,mikro,the_mommy_talks,3,2019
2019-02-01,35862,mikro,the_mommy_talks,2,2019
2019-01-01,31068,mikro,the_mommy_talks,1,2019
2023-06-01,502729,makro,d1pop,6,2023
2023-05-01,502935,makro,d1pop,5,2023
2023-04-01,501601,makro,d1pop,4,2023
2023-03-01,502823,makro,d1pop,3,2023
2023-02-01,503191,makro,d1pop,2,2023
2023-01-01,504958,makro,d1pop,1,2023
2022-12-01,505158,makro,d1pop,12,2022
2022-11-01,507135,makro,d1pop,11,2022
2022-10-01,506481,makro,d1pop,10,2022
2022-09-01,504078,makro,d1pop,9,2022
2022-08-01,499232,midtier,d1pop,8,2022
2022-07-01,492636,midtier,d1pop,7,2022
2022-06-01,481578,midtier,d1pop,6,2022
2022-05-01,476108,midtier,d1pop,5,2022
2022-04-01,475111,midtier,d1pop,4,2022
2022-03-01,468599,midtier,d1pop,3,2022
2022-02-01,467291,midtier,d1pop,2,2022
2022-01-01,468324,midtier,d1pop,1,2022
2021-12-01,466938,midtier,d1pop,12,2021
2021-11-01,460320,midtier,d1pop,11,2021
2021-10-01,445189,midtier,d1pop,10,2021
2021-09-01,426463,midtier,d1pop,9,2021
2021-08-03,393392,midtier,d1pop,8,2021
2021-07-01,387766,midtier,d1pop,7,2021
2021-06-01,376777,midtier,d1pop,6,2021
2021-05-01,371981,midtier,d1pop,5,2021
2021-04-01,358605,midtier,d1pop,4,2021
2021-03-01,327553,midtier,d1pop,3,2021
2021-02-01,318826,midtier,d1pop,2,2021
2021-01-01,310211,midtier,d1pop,1,2021
2020-12-01,305039,midtier,d1pop,12,2020
2020-11-01,299761,midtier,d1pop,11,2020
2020-10-01,273585,midtier,d1pop,10,2020
2020-09-01,263278,midtier,d1pop,9,2020
2020-08-01,261276,midtier,d1pop,8,2020
2020-07-02,260434,midtier,d1pop,7,2020
2020-06-01,248406,midtier,d1pop,6,2020
2020-05-01,231933,midtier,d1pop,5,2020
2020-04-01,214854,midtier,d1pop,4,2020
2020-03-01,180075,midtier,d1pop,3,2020
2020-02-01,158610,midtier,d1pop,2,2020
2020-01-01,144856,midtier,d1pop,1,2020
2019-12-01,131996,midtier,d1pop,12,2019
2019-11-01,113098,midtier,d1pop,11,2019
2019-10-01,97898,midtier,d1pop,10,2019
2019-09-01,73739,midtier,d1pop,9,2019
2019-08-20,66586,midtier,d1pop,8,2019
2019-05-01,9305,nano,d1pop,5,2019
2019-04-01,4452,nano,d1pop,4,2019
2019-03-01,4465,nano,d1pop,3,2019
2019-02-01,4437,nano,d1pop,2,2019
2019-01-01,4327,nano,d1pop,1,2019
2023-06-02,664360,makro,redturn2,6,2023
2023-05-01,666061,makro,redturn2,5,2023
2023-04-01,666467,makro,redturn2,4,2023
2023-03-01,662463,makro,redturn2,3,2023
2023-02-01,664638,makro,redturn2,2,2023
2023-01-01,670318,makro,redturn2,1,2023
2022-12-01,677216,makro,redturn2,12,2022
2022-11-01,680613,makro,redturn2,11,2022
2022-10-01,677561,makro,redturn2,10,2022
2022-09-01,674774,makro,redturn2,9,2022
2022-08-01,671332,makro,redturn2,8,2022
2022-07-01,668602,makro,redturn2,7,2022
2022-06-01,666732,makro,redturn2,6,2022
2022-05-01,664295,makro,redturn2,5,2022
2022-04-01,658556,makro,redturn2,4,2022
2022-03-01,653626,makro,redturn2,3,2022
2022-02-01,655518,makro,redturn2,2,2022
2022-01-01,657795,makro,redturn2,1,2022
2021-12-01,659530,makro,redturn2,12,2021
2021-11-01,658821,makro,redturn2,11,2021
2021-10-01,642368,makro,redturn2,10,2021
2021-09-01,637087,makro,redturn2,9,2021
2021-08-01,628195,makro,redturn2,8,2021
2021-07-02,616361,makro,redturn2,7,2021
2021-06-01,611260,makro,redturn2,6,2021
2021-05-01,605896,makro,redturn2,5,2021
2021-04-01,592186,makro,redturn2,4,2021
2021-03-01,589628,makro,redturn2,3,2021
2021-02-01,584519,makro,redturn2,2,2021
2021-01-01,585177,makro,redturn2,1,2021
2020-12-01,586178,makro,redturn2,12,2020
2020-11-01,583873,makro,redturn2,11,2020
2020-10-01,530656,makro,redturn2,10,2020
2020-09-01,528689,makro,redturn2,9,2020
2020-08-01,524223,makro,redturn2,8,2020
2020-07-01,516537,makro,redturn2,7,2020
2020-06-01,517760,makro,redturn2,6,2020
2020-05-01,518004,makro,redturn2,5,2020
2020-04-01,516714,makro,redturn2,4,2020
2020-03-01,512083,makro,redturn2,3,2020
2020-02-01,507565,makro,redturn2,2,2020
2020-01-01,506513,makro,redturn2,1,2020
2019-12-01,507057,makro,redturn2,12,2019
2019-11-01,506982,makro,redturn2,11,2019
2019-10-01,501702,makro,redturn2,10,2019
2019-09-01,497419,midtier,redturn2,9,2019
2019-08-01,490015,midtier,redturn2,8,2019
2019-07-01,481870,midtier,redturn2,7,2019
2019-06-01,472232,midtier,redturn2,6,2019
2019-05-02,465688,midtier,redturn2,5,2019
2019-04-01,459086,midtier,redturn2,4,2019
2019-03-01,453967,midtier,redturn2,3,2019
2019-02-01,451141,midtier,redturn2,2,2019
2019-01-01,449196,midtier,redturn2,1,2019
2023-06-01,824668,makro,grew_up_in_the_70s_and_80s,6,2023
2023-05-01,809604,makro,grew_up_in_the_70s_and_80s,5,2023
2023-04-01,772582,makro,grew_up_in_the_70s_and_80s,4,2023
2023-03-01,715947,makro,grew_up_in_the_70s_and_80s,3,2023
2023-02-01,600010,makro,grew_up_in_the_70s_and_80s,2,2023
2023-01-01,567764,makro,grew_up_in_the_70s_and_80s,1,2023
2022-12-01,542037,makro,grew_up_in_the_70s_and_80s,12,2022
2022-11-01,531148,makro,grew_up_in_the_70s_and_80s,11,2022
2022-10-01,527128,makro,grew_up_in_the_70s_and_80s,10,2022
2022-09-01,526336,makro,grew_up_in_the_70s_and_80s,9,2022
2022-08-01,526200,makro,grew_up_in_the_70s_and_80s,8,2022
2022-07-01,524962,makro,grew_up_in_the_70s_and_80s,7,2022
2022-06-01,524285,makro,grew_up_in_the_70s_and_80s,6,2022
2022-05-01,526380,makro,grew_up_in_the_70s_and_80s,5,2022
2022-04-01,512288,makro,grew_up_in_the_70s_and_80s,4,2022
2022-03-01,478286,midtier,grew_up_in_the_70s_and_80s,3,2022
2022-02-01,437237,midtier,grew_up_in_the_70s_and_80s,2,2022
2022-01-01,396235,midtier,grew_up_in_the_70s_and_80s,1,2022
2021-12-01,373503,midtier,grew_up_in_the_70s_and_80s,12,2021
2021-11-01,355369,midtier,grew_up_in_the_70s_and_80s,11,2021
2021-10-01,350263,midtier,grew_up_in_the_70s_and_80s,10,2021
2021-09-01,347075,midtier,grew_up_in_the_70s_and_80s,9,2021
2021-08-03,335634,midtier,grew_up_in_the_70s_and_80s,8,2021
2021-07-01,318231,midtier,grew_up_in_the_70s_and_80s,7,2021
2021-06-01,304827,midtier,grew_up_in_the_70s_and_80s,6,2021
2021-05-01,296179,midtier,grew_up_in_the_70s_and_80s,5,2021
2021-04-01,286729,midtier,grew_up_in_the_70s_and_80s,4,2021
2021-03-02,277081,midtier,grew_up_in_the_70s_and_80s,3,2021
2021-02-01,268942,midtier,grew_up_in_the_70s_and_80s,2,2021
2021-01-01,255429,midtier,grew_up_in_the_70s_and_80s,1,2021
2020-12-01,245332,midtier,grew_up_in_the_70s_and_80s,12,2020
2020-11-01,240163,midtier,grew_up_in_the_70s_and_80s,11,2020
2020-10-01,232620,midtier,grew_up_in_the_70s_and_80s,10,2020
2020-09-01,225962,midtier,grew_up_in_the_70s_and_80s,9,2020
2020-08-01,225378,midtier,grew_up_in_the_70s_and_80s,8,2020
2020-07-01,219744,midtier,grew_up_in_the_70s_and_80s,7,2020
2020-06-01,212423,midtier,grew_up_in_the_70s_and_80s,6,2020
2020-05-01,206803,midtier,grew_up_in_the_70s_and_80s,5,2020
2020-04-01,198793,midtier,grew_up_in_the_70s_and_80s,4,2020
2020-03-01,189654,midtier,grew_up_in_the_70s_and_80s,3,2020
2020-02-01,181343,midtier,grew_up_in_the_70s_and_80s,2,2020
2020-01-01,171275,midtier,grew_up_in_the_70s_and_80s,1,2020
2019-12-01,162934,midtier,grew_up_in_the_70s_and_80s,12,2019
2019-11-01,150376,midtier,grew_up_in_the_70s_and_80s,11,2019
2019-10-01,137988,midtier,grew_up_in_the_70s_and_80s,10,2019
2019-09-01,125925,midtier,grew_up_in_the_70s_and_80s,9,2019
2019-08-01,112939,midtier,grew_up_in_the_70s_and_80s,8,2019
2019-07-01,101938,midtier,grew_up_in_the_70s_and_80s,7,2019
2019-06-01,92685,midtier,grew_up_in_the_70s_and_80s,6,2019
2019-05-01,83548,midtier,grew_up_in_the_70s_and_80s,5,2019
2019-04-01,72118,midtier,grew_up_in_the_70s_and_80s,4,2019
2019-03-01,63514,midtier,grew_up_in_the_70s_and_80s,3,2019
2019-02-01,54469,midtier,grew_up_in_the_70s_and_80s,2,2019
2019-01-01,43497,mikro,grew_up_in_the_70s_and_80s,1,2019
2023-06-01,664786,makro,madissonhaus,6,2023
2023-05-01,665010,makro,madissonhaus,5,2023
2023-04-01,665462,makro,madissonhaus,4,2023
2023-03-01,665174,makro,madissonhaus,3,2023
2023-02-01,663677,makro,madissonhaus,2,2023
2023-01-01,658313,makro,madissonhaus,1,2023
2022-12-01,654760,makro,madissonhaus,12,2022
2022-11-01,654474,makro,madissonhaus,11,2022
2022-10-01,654099,makro,madissonhaus,10,2022
2022-09-01,655044,makro,madissonhaus,9,2022
2022-08-01,654664,makro,madissonhaus,8,2022
2022-07-01,651267,makro,madissonhaus,7,2022
2022-06-01,647177,makro,madissonhaus,6,2022
2022-05-01,630246,makro,madissonhaus,5,2022
2022-04-01,621721,makro,madissonhaus,4,2022
2022-03-01,612006,makro,madissonhaus,3,2022
2022-02-01,608281,makro,madissonhaus,2,2022
2022-01-01,604788,makro,madissonhaus,1,2022
2021-12-01,593117,makro,madissonhaus,12,2021
2021-11-01,591744,makro,madissonhaus,11,2021
2021-10-01,580868,makro,madissonhaus,10,2021
2021-09-01,578156,makro,madissonhaus,9,2021
2021-08-03,548259,makro,madissonhaus,8,2021
2021-07-01,540215,makro,madissonhaus,7,2021
2021-06-01,532393,makro,madissonhaus,6,2021
2021-05-01,523663,makro,madissonhaus,5,2021
2021-04-01,521844,makro,madissonhaus,4,2021
2021-03-01,521082,makro,madissonhaus,3,2021
2021-02-01,520140,makro,madissonhaus,2,2021
2021-01-01,518588,makro,madissonhaus,1,2021
2020-12-01,517181,makro,madissonhaus,12,2020
2020-11-01,517242,makro,madissonhaus,11,2020
2020-10-01,516440,makro,madissonhaus,10,2020
2020-09-01,508813,makro,madissonhaus,9,2020
2020-08-01,472529,midtier,madissonhaus,8,2020
2020-07-01,449716,midtier,madissonhaus,7,2020
2020-06-01,429362,midtier,madissonhaus,6,2020
2020-05-01,423622,midtier,madissonhaus,5,2020
2020-04-01,415549,midtier,madissonhaus,4,2020
2020-03-01,391716,midtier,madissonhaus,3,2020
2020-02-01,367354,midtier,madissonhaus,2,2020
2020-01-01,327102,midtier,madissonhaus,1,2020
2019-12-01,318572,midtier,madissonhaus,12,2019
2019-11-01,318392,midtier,madissonhaus,11,2019
2019-10-01,319589,midtier,madissonhaus,10,2019
2019-09-01,319794,midtier,madissonhaus,9,2019
2019-08-01,319495,midtier,madissonhaus,8,2019
2019-07-01,318542,midtier,madissonhaus,7,2019
2019-06-01,315329,midtier,madissonhaus,6,2019
2019-05-02,307000,midtier,madissonhaus,5,2019
2019-04-01,293065,midtier,madissonhaus,4,2019
2019-03-01,268277,midtier,madissonhaus,3,2019
2019-02-01,248743,midtier,madissonhaus,2,2019
2019-01-01,230074,midtier,madissonhaus,1,2019
2023-06-01,611448,makro,dynastyloveyou,6,2023
2023-05-01,608564,makro,dynastyloveyou,5,2023
2023-04-01,602851,makro,dynastyloveyou,4,2023
2023-03-01,601055,makro,dynastyloveyou,3,2023
2023-02-01,604912,makro,dynastyloveyou,2,2023
2023-01-01,605743,makro,dynastyloveyou,1,2023
2022-12-01,610827,makro,dynastyloveyou,12,2022
2022-11-01,615703,makro,dynastyloveyou,11,2022
2022-10-01,618805,makro,dynastyloveyou,10,2022
2022-09-01,624026,makro,dynastyloveyou,9,2022
2022-08-01,628799,makro,dynastyloveyou,8,2022
2022-07-01,632864,makro,dynastyloveyou,7,2022
2022-06-01,635188,makro,dynastyloveyou,6,2022
2022-05-01,639947,makro,dynastyloveyou,5,2022
2022-04-01,644901,makro,dynastyloveyou,4,2022
2022-03-01,649593,makro,dynastyloveyou,3,2022
2022-02-01,654044,makro,dynastyloveyou,2,2022
2022-01-01,661044,makro,dynastyloveyou,1,2022
2021-12-01,666405,makro,dynastyloveyou,12,2021
2021-11-01,672487,makro,dynastyloveyou,11,2021
2021-10-01,678644,makro,dynastyloveyou,10,2021
2021-09-01,682459,makro,dynastyloveyou,9,2021
2021-08-01,693047,makro,dynastyloveyou,8,2021
2021-07-01,699819,makro,dynastyloveyou,7,2021
2021-06-01,705174,makro,dynastyloveyou,6,2021
2021-05-01,706739,makro,dynastyloveyou,5,2021
2021-04-01,713386,makro,dynastyloveyou,4,2021
2021-03-01,716011,makro,dynastyloveyou,3,2021
2021-02-01,727457,makro,dynastyloveyou,2,2021
2021-01-01,734459,makro,dynastyloveyou,1,2021
2020-12-01,738197,makro,dynastyloveyou,12,2020
2020-11-01,727938,makro,dynastyloveyou,11,2020
2020-10-01,726681,makro,dynastyloveyou,10,2020
2020-09-01,734668,makro,dynastyloveyou,9,2020
2020-08-01,735882,makro,dynastyloveyou,8,2020
2020-07-01,734365,makro,dynastyloveyou,7,2020
2020-06-01,715351,makro,dynastyloveyou,6,2020
2020-05-01,719568,makro,dynastyloveyou,5,2020
2020-04-01,722530,makro,dynastyloveyou,4,2020
2020-03-01,724331,makro,dynastyloveyou,3,2020
2020-02-01,728559,makro,dynastyloveyou,2,2020
2020-01-01,733029,makro,dynastyloveyou,1,2020
2019-12-01,735162,makro,dynastyloveyou,12,2019
2019-11-01,732528,makro,dynastyloveyou,11,2019
2019-10-01,728716,makro,dynastyloveyou,10,2019
2019-09-01,729536,makro,dynastyloveyou,9,2019
2019-08-01,737615,makro,dynastyloveyou,8,2019
2019-07-01,738255,makro,dynastyloveyou,7,2019
2019-06-01,734569,makro,dynastyloveyou,6,2019
2019-05-01,712775,makro,dynastyloveyou,5,2019
2019-04-01,708866,makro,dynastyloveyou,4,2019
2019-03-01,698188,makro,dynastyloveyou,3,2019
2019-02-01,692324,makro,dynastyloveyou,2,2019
2019-01-01,697193,makro,dynastyloveyou,1,2019
2023-06-01,767155,makro,hannahberner,6,2023
2023-05-01,742437,makro,hannahberner,5,2023
2023-04-01,697974,makro,hannahberner,4,2023
2023-03-01,646796,makro,hannahberner,3,2023
2023-02-01,621373,makro,hannahberner,2,2023
2023-01-01,608181,makro,hannahberner,1,2023
2022-12-01,596276,makro,hannahberner,12,2022
2022-11-01,574540,makro,hannahberner,11,2022
2022-10-01,556704,makro,hannahberner,10,2022
2022-09-01,550894,makro,hannahberner,9,2022
2022-08-01,533076,makro,hannahberner,8,2022
2022-07-01,526621,makro,hannahberner,7,2022
2022-06-01,523098,makro,hannahberner,6,2022
2022-05-01,512444,makro,hannahberner,5,2022
2022-04-01,503760,makro,hannahberner,4,2022
2022-03-01,495738,midtier,hannahberner,3,2022
2022-02-01,494704,midtier,hannahberner,2,2022
2022-01-01,491941,midtier,hannahberner,1,2022
2021-12-01,492499,midtier,hannahberner,12,2021
2021-11-01,487002,midtier,hannahberner,11,2021
2021-10-01,488810,midtier,hannahberner,10,2021
2021-09-01,491469,midtier,hannahberner,9,2021
2021-08-03,493821,midtier,hannahberner,8,2021
2021-07-01,496885,midtier,hannahberner,7,2021
2021-06-01,506519,makro,hannahberner,6,2021
2021-05-01,516494,makro,hannahberner,5,2021
2021-04-01,511247,makro,hannahberner,4,2021
2021-03-01,478535,midtier,hannahberner,3,2021
2021-02-01,455651,midtier,hannahberner,2,2021
2021-01-01,456216,midtier,hannahberner,1,2021
2020-12-01,454286,midtier,hannahberner,12,2020
2020-11-01,448329,midtier,hannahberner,11,2020
2020-10-01,419565,midtier,hannahberner,10,2020
2020-09-01,416105,midtier,hannahberner,9,2020
2020-08-01,406282,midtier,hannahberner,8,2020
2020-07-01,368253,midtier,hannahberner,7,2020
2020-06-01,356464,midtier,hannahberner,6,2020
2020-05-01,318587,midtier,hannahberner,5,2020
2020-04-01,254018,midtier,hannahberner,4,2020
2020-03-01,218867,midtier,hannahberner,3,2020
2020-02-01,187424,midtier,hannahberner,2,2020
2020-01-01,180768,midtier,hannahberner,1,2020
2019-12-01,171104,midtier,hannahberner,12,2019
2019-11-01,161858,midtier,hannahberner,11,2019
2019-10-01,152768,midtier,hannahberner,10,2019
2019-09-01,146455,midtier,hannahberner,9,2019
2019-08-01,137303,midtier,hannahberner,8,2019
2019-07-01,131663,midtier,hannahberner,7,2019
2019-06-01,112951,midtier,hannahberner,6,2019
2019-05-01,85426,midtier,hannahberner,5,2019
2019-04-01,61817,midtier,hannahberner,4,2019
2019-03-02,43312,mikro,hannahberner,3,2019
2019-02-01,36443,mikro,hannahberner,2,2019
2019-01-01,26724,mikro,hannahberner,1,2019
2023-06-01,706514,makro,sydelcurrylee,6,2023
2023-05-01,705561,makro,sydelcurrylee,5,2023
2023-04-01,706848,makro,sydelcurrylee,4,2023
2023-03-01,708123,makro,sydelcurrylee,3,2023
2023-02-01,709996,makro,sydelcurrylee,2,2023
2023-01-01,712227,makro,sydelcurrylee,1,2023
2022-12-01,713740,makro,sydelcurrylee,12,2022
2022-11-01,714280,makro,sydelcurrylee,11,2022
2022-10-01,714859,makro,sydelcurrylee,10,2022
2022-09-01,717775,makro,sydelcurrylee,9,2022
2022-08-01,717761,makro,sydelcurrylee,8,2022
2022-07-01,718008,makro,sydelcurrylee,7,2022
2022-06-01,684447,makro,sydelcurrylee,6,2022
2022-05-01,681905,makro,sydelcurrylee,5,2022
2022-04-01,680966,makro,sydelcurrylee,4,2022
2022-03-01,681930,makro,sydelcurrylee,3,2022
2022-02-01,682597,makro,sydelcurrylee,2,2022
2022-01-01,682238,makro,sydelcurrylee,1,2022
2021-12-01,679243,makro,sydelcurrylee,12,2021
2021-11-01,674189,makro,sydelcurrylee,11,2021
2021-10-01,672333,makro,sydelcurrylee,10,2021
2021-09-01,672838,makro,sydelcurrylee,9,2021
2021-08-01,669576,makro,sydelcurrylee,8,2021
2021-07-01,660977,makro,sydelcurrylee,7,2021
2021-06-01,639242,makro,sydelcurrylee,6,2021
2021-05-01,637153,makro,sydelcurrylee,5,2021
2021-04-01,636913,makro,sydelcurrylee,4,2021
2021-03-01,630080,makro,sydelcurrylee,3,2021
2021-02-01,632216,makro,sydelcurrylee,2,2021
2021-01-01,630654,makro,sydelcurrylee,1,2021
2020-12-01,627828,makro,sydelcurrylee,12,2020
2020-11-01,631509,makro,sydelcurrylee,11,2020
2020-10-01,633980,makro,sydelcurrylee,10,2020
2020-09-01,636171,makro,sydelcurrylee,9,2020
2020-08-01,637237,makro,sydelcurrylee,8,2020
2020-07-01,641729,makro,sydelcurrylee,7,2020
2020-06-01,646062,makro,sydelcurrylee,6,2020
2020-05-01,648512,makro,sydelcurrylee,5,2020
2020-04-01,638413,makro,sydelcurrylee,4,2020
2020-03-01,626465,makro,sydelcurrylee,3,2020
2020-02-01,626354,makro,sydelcurrylee,2,2020
2020-01-01,624408,makro,sydelcurrylee,1,2020
2019-12-01,624950,makro,sydelcurrylee,12,2019
2019-11-01,626091,makro,sydelcurrylee,11,2019
2019-10-01,625620,makro,sydelcurrylee,10,2019
2019-09-01,625538,makro,sydelcurrylee,9,2019
2019-08-01,628110,makro,sydelcurrylee,8,2019
2019-07-01,627341,makro,sydelcurrylee,7,2019
2019-06-01,615892,makro,sydelcurrylee,6,2019
2019-05-01,593893,makro,sydelcurrylee,5,2019
2019-04-01,592631,makro,sydelcurrylee,4,2019
2019-03-02,588966,makro,sydelcurrylee,3,2019
2019-02-01,588557,makro,sydelcurrylee,2,2019
2019-01-01,588897,makro,sydelcurrylee,1,2019
2023-06-01,691249,makro,balockaye.h,6,2023
2023-05-01,695440,makro,balockaye.h,5,2023
2023-04-01,698285,makro,balockaye.h,4,2023
2023-03-01,701960,makro,balockaye.h,3,2023
2023-02-01,703760,makro,balockaye.h,2,2023
2023-01-01,707455,makro,balockaye.h,1,2023
2022-12-01,713150,makro,balockaye.h,12,2022
2022-11-01,713987,makro,balockaye.h,11,2022
2022-10-01,714779,makro,balockaye.h,10,2022
2022-09-01,706451,makro,balockaye.h,9,2022
2022-08-01,670525,makro,balockaye.h,8,2022
2022-07-01,616198,makro,balockaye.h,7,2022
2022-06-01,599294,makro,balockaye.h,6,2022
2022-05-01,601802,makro,balockaye.h,5,2022
2022-04-01,603588,makro,balockaye.h,4,2022
2022-03-01,606160,makro,balockaye.h,3,2022
2022-02-01,608110,makro,balockaye.h,2,2022
2022-01-01,603059,makro,balockaye.h,1,2022
2021-12-01,605901,makro,balockaye.h,12,2021
2021-11-01,608096,makro,balockaye.h,11,2021
2021-10-01,609024,makro,balockaye.h,10,2021
2021-09-01,608044,makro,balockaye.h,9,2021
2021-08-01,606275,makro,balockaye.h,8,2021
2021-07-01,606682,makro,balockaye.h,7,2021
2021-06-01,608479,makro,balockaye.h,6,2021
2021-05-01,605843,makro,balockaye.h,5,2021
2021-04-01,606729,makro,balockaye.h,4,2021
2021-03-01,607479,makro,balockaye.h,3,2021
2021-02-01,608613,makro,balockaye.h,2,2021
2021-01-01,605039,makro,balockaye.h,1,2021
2020-12-01,603340,makro,balockaye.h,12,2020
2020-11-01,605855,makro,balockaye.h,11,2020
2020-10-01,611439,makro,balockaye.h,10,2020
2020-09-01,612836,makro,balockaye.h,9,2020
2020-08-01,613677,makro,balockaye.h,8,2020
2020-07-01,622336,makro,balockaye.h,7,2020
2020-06-01,630416,makro,balockaye.h,6,2020
2020-05-01,640078,makro,balockaye.h,5,2020
2020-04-01,649455,makro,balockaye.h,4,2020
2020-03-01,650605,makro,balockaye.h,3,2020
2020-02-01,656645,makro,balockaye.h,2,2020
2020-01-01,665209,makro,balockaye.h,1,2020
2019-12-01,673949,makro,balockaye.h,12,2019
2019-11-01,680157,makro,balockaye.h,11,2019
2019-10-01,682632,makro,balockaye.h,10,2019
2019-09-01,659137,makro,balockaye.h,9,2019
2019-08-01,561917,makro,balockaye.h,8,2019
2019-07-01,564560,makro,balockaye.h,7,2019
2019-06-01,561438,makro,balockaye.h,6,2019
2019-05-01,564863,makro,balockaye.h,5,2019
2019-04-01,561017,makro,balockaye.h,4,2019
2019-03-01,551628,makro,balockaye.h,3,2019
2019-02-01,551013,makro,balockaye.h,2,2019
2019-01-01,525713,makro,balockaye.h,1,2019
2023-06-01,740292,makro,amandakloots,6,2023
2023-05-01,738739,makro,amandakloots,5,2023
2023-04-01,733152,makro,amandakloots,4,2023
2023-03-01,732051,makro,amandakloots,3,2023
2023-02-01,732288,makro,amandakloots,2,2023
2023-01-01,733124,makro,amandakloots,1,2023
2022-12-01,731246,makro,amandakloots,12,2022
2022-11-01,731181,makro,amandakloots,11,2022
2022-10-01,732049,makro,amandakloots,10,2022
2022-09-01,732337,makro,amandakloots,9,2022
2022-08-01,733250,makro,amandakloots,8,2022
2022-07-01,732303,makro,amandakloots,7,2022
2022-06-01,733802,makro,amandakloots,6,2022
2022-05-01,733583,makro,amandakloots,5,2022
2022-04-01,731978,makro,amandakloots,4,2022
2022-03-01,731579,makro,amandakloots,3,2022
2022-02-01,730202,makro,amandakloots,2,2022
2022-01-01,730651,makro,amandakloots,1,2022
2021-12-01,719733,makro,amandakloots,12,2021
2021-11-01,707521,makro,amandakloots,11,2021
2021-10-01,698164,makro,amandakloots,10,2021
2021-09-01,675168,makro,amandakloots,9,2021
2021-08-02,675207,makro,amandakloots,8,2021
2021-07-01,668410,makro,amandakloots,7,2021
2021-06-01,659768,makro,amandakloots,6,2021
2021-05-01,653976,makro,amandakloots,5,2021
2021-04-01,653464,makro,amandakloots,4,2021
2021-03-01,644541,makro,amandakloots,3,2021
2021-02-01,636695,makro,amandakloots,2,2021
2021-01-01,629119,makro,amandakloots,1,2021
2020-12-01,623959,makro,amandakloots,12,2020
2020-11-01,627523,makro,amandakloots,11,2020
2020-10-01,587150,makro,amandakloots,10,2020
2020-09-01,581299,makro,amandakloots,9,2020
2020-08-01,573663,makro,amandakloots,8,2020
2020-07-01,354007,midtier,amandakloots,7,2020
2020-06-01,289907,midtier,amandakloots,6,2020
2020-05-01,173949,midtier,amandakloots,5,2020
2020-04-01,58995,midtier,amandakloots,4,2020
2020-03-01,53914,midtier,amandakloots,3,2020
2020-02-01,53647,midtier,amandakloots,2,2020
2020-01-01,53155,midtier,amandakloots,1,2020
2019-12-01,52943,midtier,amandakloots,12,2019
2019-11-01,52475,midtier,amandakloots,11,2019
2019-10-01,52052,midtier,amandakloots,10,2019
2019-09-01,51568,midtier,amandakloots,9,2019
2019-08-01,51114,midtier,amandakloots,8,2019
2019-07-01,50598,midtier,amandakloots,7,2019
2019-06-01,50270,midtier,amandakloots,6,2019
2019-05-02,49653,mikro,amandakloots,5,2019
2019-04-01,49373,mikro,amandakloots,4,2019
2019-03-01,48941,mikro,amandakloots,3,2019
2019-02-01,48745,mikro,amandakloots,2,2019
2019-01-01,48089,mikro,amandakloots,1,2019
2023-06-01,1001622,mega,primal_gourmet,6,2023
2023-05-01,924303,makro,primal_gourmet,5,2023
2023-04-01,855618,makro,primal_gourmet,4,2023
2023-03-01,847923,makro,primal_gourmet,3,2023
2023-02-01,838925,makro,primal_gourmet,2,2023
2023-01-01,836600,makro,primal_gourmet,1,2023
2022-12-01,833059,makro,primal_gourmet,12,2022
2022-11-01,823912,makro,primal_gourmet,11,2022
2022-10-01,813252,makro,primal_gourmet,10,2022
2022-09-01,805628,makro,primal_gourmet,9,2022
2022-08-01,791075,makro,primal_gourmet,8,2022
2022-07-01,753671,makro,primal_gourmet,7,2022
2022-06-01,738295,makro,primal_gourmet,6,2022
2022-05-01,716601,makro,primal_gourmet,5,2022
2022-04-01,691206,makro,primal_gourmet,4,2022
2022-03-01,653927,makro,primal_gourmet,3,2022
2022-02-01,634526,makro,primal_gourmet,2,2022
2022-01-01,595812,makro,primal_gourmet,1,2022
2021-12-01,576219,makro,primal_gourmet,12,2021
2021-11-01,551033,makro,primal_gourmet,11,2021
2021-10-01,495490,midtier,primal_gourmet,10,2021
2021-09-01,484916,midtier,primal_gourmet,9,2021
2021-08-02,455518,midtier,primal_gourmet,8,2021
2021-07-01,444055,midtier,primal_gourmet,7,2021
2021-06-01,413186,midtier,primal_gourmet,6,2021
2021-05-01,395215,midtier,primal_gourmet,5,2021
2021-04-01,367661,midtier,primal_gourmet,4,2021
2021-03-01,321649,midtier,primal_gourmet,3,2021
2021-02-01,257664,midtier,primal_gourmet,2,2021
2021-01-01,220156,midtier,primal_gourmet,1,2021
2020-12-01,213709,midtier,primal_gourmet,12,2020
2020-11-01,213166,midtier,primal_gourmet,11,2020
2020-10-01,212018,midtier,primal_gourmet,10,2020
2020-09-01,203358,midtier,primal_gourmet,9,2020
2020-08-01,199142,midtier,primal_gourmet,8,2020
2020-07-01,197813,midtier,primal_gourmet,7,2020
2020-06-01,198210,midtier,primal_gourmet,6,2020
2020-05-01,196873,midtier,primal_gourmet,5,2020
2020-04-01,194393,midtier,primal_gourmet,4,2020
2020-03-01,193633,midtier,primal_gourmet,3,2020
2020-02-01,193177,midtier,primal_gourmet,2,2020
2020-01-01,176743,midtier,primal_gourmet,1,2020
2019-12-01,175372,midtier,primal_gourmet,12,2019
2019-11-01,174225,midtier,primal_gourmet,11,2019
2019-10-01,172543,midtier,primal_gourmet,10,2019
2019-09-01,170914,midtier,primal_gourmet,9,2019
2019-08-20,169818,midtier,primal_gourmet,8,2019
2019-04-01,165925,midtier,primal_gourmet,4,2019
2019-03-01,165189,midtier,primal_gourmet,3,2019
2019-02-01,163847,midtier,primal_gourmet,2,2019
2019-01-01,158878,midtier,primal_gourmet,1,2019
2023-06-01,1015381,mega,remingtonavenue,6,2023
2023-05-01,997026,makro,remingtonavenue,5,2023
2023-04-01,924027,makro,remingtonavenue,4,2023
2023-03-01,824298,makro,remingtonavenue,3,2023
2023-02-01,801532,makro,remingtonavenue,2,2023
2023-01-01,803670,makro,remingtonavenue,1,2023
2022-12-01,779850,makro,remingtonavenue,12,2022
2022-11-01,758987,makro,remingtonavenue,11,2022
2022-10-01,753409,makro,remingtonavenue,10,2022
2022-09-01,674593,makro,remingtonavenue,9,2022
2022-08-01,663933,makro,remingtonavenue,8,2022
2022-07-01,665976,makro,remingtonavenue,7,2022
2022-06-01,658118,makro,remingtonavenue,6,2022
2022-05-01,660712,makro,remingtonavenue,5,2022
2022-04-01,653040,makro,remingtonavenue,4,2022
2022-03-01,644702,makro,remingtonavenue,3,2022
2022-02-01,633269,makro,remingtonavenue,2,2022
2022-01-01,617596,makro,remingtonavenue,1,2022
2021-12-01,596300,makro,remingtonavenue,12,2021
2021-11-01,585185,makro,remingtonavenue,11,2021
2021-10-01,502601,makro,remingtonavenue,10,2021
2021-09-01,490849,midtier,remingtonavenue,9,2021
2021-08-01,457999,midtier,remingtonavenue,8,2021
2021-07-01,418802,midtier,remingtonavenue,7,2021
2021-06-01,392807,midtier,remingtonavenue,6,2021
2021-05-01,378179,midtier,remingtonavenue,5,2021
2021-04-01,375247,midtier,remingtonavenue,4,2021
2021-03-01,311853,midtier,remingtonavenue,3,2021
2021-02-01,281158,midtier,remingtonavenue,2,2021
2021-01-01,257137,midtier,remingtonavenue,1,2021
2020-12-01,253791,midtier,remingtonavenue,12,2020
2020-11-01,244171,midtier,remingtonavenue,11,2020
2020-10-01,235467,midtier,remingtonavenue,10,2020
2020-09-01,227815,midtier,remingtonavenue,9,2020
2020-08-01,224742,midtier,remingtonavenue,8,2020
2020-07-01,219875,midtier,remingtonavenue,7,2020
2020-06-01,215558,midtier,remingtonavenue,6,2020
2020-05-01,212633,midtier,remingtonavenue,5,2020
2020-04-01,200714,midtier,remingtonavenue,4,2020
2020-03-01,192754,midtier,remingtonavenue,3,2020
2020-02-01,174289,midtier,remingtonavenue,2,2020
2020-01-01,166498,midtier,remingtonavenue,1,2020
2019-12-01,160254,midtier,remingtonavenue,12,2019
2019-11-01,157927,midtier,remingtonavenue,11,2019
2019-10-01,153060,midtier,remingtonavenue,10,2019
2019-09-01,143857,midtier,remingtonavenue,9,2019
2019-08-01,138080,midtier,remingtonavenue,8,2019
2019-07-01,135024,midtier,remingtonavenue,7,2019
2019-06-01,130168,midtier,remingtonavenue,6,2019
2019-05-01,124885,midtier,remingtonavenue,5,2019
2019-04-01,122967,midtier,remingtonavenue,4,2019
2019-03-01,115877,midtier,remingtonavenue,3,2019
2019-02-01,108898,midtier,remingtonavenue,2,2019
2019-01-01,100048,midtier,remingtonavenue,1,2019
2023-06-01,913008,makro,iamchrislane,6,2023
2023-05-01,913631,makro,iamchrislane,5,2023
2023-04-01,914021,makro,iamchrislane,4,2023
2023-03-01,913747,makro,iamchrislane,3,2023
2023-02-01,913537,makro,iamchrislane,2,2023
2023-01-01,916221,makro,iamchrislane,1,2023
2022-12-01,916316,makro,iamchrislane,12,2022
2022-11-01,916886,makro,iamchrislane,11,2022
2022-10-01,914427,makro,iamchrislane,10,2022
2022-09-01,915011,makro,iamchrislane,9,2022
2022-08-01,915628,makro,iamchrislane,8,2022
2022-07-01,914722,makro,iamchrislane,7,2022
2022-06-01,912251,makro,iamchrislane,6,2022
2022-05-01,913872,makro,iamchrislane,5,2022
2022-04-01,914181,makro,iamchrislane,4,2022
2022-03-01,914038,makro,iamchrislane,3,2022
2022-02-01,911761,makro,iamchrislane,2,2022
2022-01-01,911338,makro,iamchrislane,1,2022
2021-12-01,909403,makro,iamchrislane,12,2021
2021-11-01,908269,makro,iamchrislane,11,2021
2021-10-01,909206,makro,iamchrislane,10,2021
2021-09-01,906137,makro,iamchrislane,9,2021
2021-08-01,901787,makro,iamchrislane,8,2021
2021-07-01,890962,makro,iamchrislane,7,2021
2021-06-01,871485,makro,iamchrislane,6,2021
2021-05-01,861691,makro,iamchrislane,5,2021
2021-04-01,859209,makro,iamchrislane,4,2021
2021-03-01,856525,makro,iamchrislane,3,2021
2021-02-01,851343,makro,iamchrislane,2,2021
2021-01-01,841627,makro,iamchrislane,1,2021
2020-12-01,825024,makro,iamchrislane,12,2020
2020-11-01,825090,makro,iamchrislane,11,2020
2020-10-01,824450,makro,iamchrislane,10,2020
2020-09-01,824191,makro,iamchrislane,9,2020
2020-08-01,821328,makro,iamchrislane,8,2020
2020-07-01,816292,makro,iamchrislane,7,2020
2020-06-01,809293,makro,iamchrislane,6,2020
2020-05-01,806003,makro,iamchrislane,5,2020
2020-04-01,796397,makro,iamchrislane,4,2020
2020-03-01,783159,makro,iamchrislane,3,2020
2020-02-01,773546,makro,iamchrislane,2,2020
2020-01-01,759371,makro,iamchrislane,1,2020
2019-12-01,748889,makro,iamchrislane,12,2019
2019-11-01,718887,makro,iamchrislane,11,2019
2019-10-01,685725,makro,iamchrislane,10,2019
2019-09-01,664687,makro,iamchrislane,9,2019
2019-08-01,634823,makro,iamchrislane,8,2019
2019-07-01,601250,makro,iamchrislane,7,2019
2019-06-01,523737,makro,iamchrislane,6,2019
2019-05-01,508295,makro,iamchrislane,5,2019
2019-04-01,484026,midtier,iamchrislane,4,2019
2019-03-01,468761,midtier,iamchrislane,3,2019
2019-02-01,443259,midtier,iamchrislane,2,2019
2019-01-01,414951,midtier,iamchrislane,1,2019
