Username;followers_old;size_old;found;is_private;followers_new;size_new;gender
famousanita;2367;nano;TRUE;FALSE;12978;mikro;f
influencerscreate;1172;nano;TRUE;FALSE;1171;nano;m
hannahanderson___;4520;nano;TRUE;FALSE;4490;nano;f
yourbestiebecky;4287;nano;TRUE;FALSE;4268;nano;f
beautybyangelicaa;9659;nano;TRUE;FALSE;9645;nano;f
jezzi.b;9617;nano;TRUE;FALSE;9600;nano;f
chantelmaes;8498;nano;FALSE;NA;NA;NA;
liat.a;9200;nano;TRUE;FALSE;9163;nano;f
seevanessacraft;9600;nano;TRUE;FALSE;9684;nano;f
robbiesimone;8700;nano;TRUE;FALSE;8689;nano;f
dawnsmith_art;8600;nano;TRUE;FALSE;8695;nano;f
jennywiththegoodeats;9400;nano;TRUE;FALSE;9333;nano;f
yesidonails.thenorthsidebarbie;9400;nano;TRUE;FALSE;9581;nano;f
katrinastepanianbennett;8300;nano;TRUE;FALSE;7992;nano;f
sydnijfit;8300;nano;TRUE;FALSE;8769;nano;f
elmafit_ish;8600;nano;TRUE;FALSE;9124;nano;f
joetattcruz;8800;nano;TRUE;FALSE;14655;mikro;m
angelawolffashion;8400;nano;TRUE;FALSE;8687;nano;f
andrepelzer_;8200;nano;TRUE;FALSE;9007;nano;m
_universe_of_brunette;9300;nano;TRUE;FALSE;9336;nano;f
groverellisor;9300;nano;TRUE;FALSE;9158;nano;m
mylifeaslilyj;8500;nano;TRUE;FALSE;4504;nano;f
joshua.aaron369719;8400;nano;TRUE;FALSE;9456;nano;m
thebenkaplan;9400;nano;TRUE;FALSE;9307;nano;m
samuelmasonpaul;9200;nano;TRUE;FALSE;8929;nano;m
the_nourishingproject;5500;nano;TRUE;FALSE;5469;nano;f
fitnessfoodiehealthy;6000;nano;TRUE;FALSE;5907;nano;f
kellysweetphoto;6100;nano;TRUE;FALSE;6347;nano;f
thedalialoc;5400;nano;TRUE;FALSE;5333;nano;f
prenatalfarmacist;5400;nano;TRUE;FALSE;9476;nano;f
amyamybobamy;5000;nano;TRUE;FALSE;5057;nano;f
joealmani;5300;nano;TRUE;FALSE;5273;nano;m
real_estate_chick;5500;nano;TRUE;FALSE;5785;nano;f
cinedirector;5200;nano;TRUE;FALSE;5571;nano;m
lindsaytarpley5;5400;nano;TRUE;FALSE;5901;nano;f
elizabethshealthylife;5400;nano;TRUE;FALSE;5479;nano;f
jbatgirlbattle;6000;nano;TRUE;FALSE;6828;nano;f
megancrawshaw;5600;nano;TRUE;FALSE;5578;nano;f
simplylauriephotography;5300;nano;TRUE;FALSE;5410;nano;f
jhseidman;5500;nano;TRUE;FALSE;5521;nano;m
astarbydesign;5200;nano;TRUE;FALSE;5576;nano;f
peacewellnessandessentialoils;5700;nano;TRUE;FALSE;5613;nano;f
sheknowssports_;5000;nano;TRUE;FALSE;5917;nano;f
jennyrisher;5400;nano;TRUE;FALSE;5698;nano;f
roobensoncredit;5200;nano;TRUE;FALSE;5161;nano;m
keemachang;5200;nano;TRUE;FALSE;5072;nano;f
jonrika_norwood_insuranceboss;5900;nano;TRUE;FALSE;6230;nano;f
majormindz;6200;nano;TRUE;FALSE;6181;nano;m
caseypalmer;5500;nano;TRUE;FALSE;5451;nano;m
nicolenagel__;6300;nano;TRUE;FALSE;5765;nano;f
mollypate2;6100;nano;TRUE;FALSE;6113;nano;f
landri_liftsalot;5500;nano;TRUE;FALSE;6890;nano;f
marinamonee;6300;nano;TRUE;FALSE;6514;nano;f
djnish07;6100;nano;TRUE;FALSE;6549;nano;m
dr_milhizer;6300;nano;TRUE;FALSE;8058;nano;f
ashnicolelit;5100;nano;TRUE;FALSE;5088;nano;f
ms_missy_miss;6200;nano;TRUE;FALSE;6104;nano;f
thelaurencrocker;5200;nano;TRUE;FALSE;5324;nano;f
laurenkostercreative;5900;nano;TRUE;FALSE;6000;nano;f
teresakovalak;5800;nano;TRUE;FALSE;6150;nano;f
mizz_triggaa;6000;nano;TRUE;FALSE;6732;nano;f
sawyer_overway;5800;nano;TRUE;FALSE;5835;nano;f
ventureswithtrav;6000;nano;TRUE;FALSE;5935;nano;m
angelagentrybrown;6800;nano;TRUE;FALSE;6834;nano;f
glynnaiden;6700;nano;TRUE;FALSE;9102;nano;m
songlistmusic;8100;nano;TRUE;FALSE;8053;nano;m
moneymenders;7400;nano;TRUE;FALSE;6952;nano;i
pashadesigns;7000;nano;TRUE;FALSE;7228;nano;m
righteous_e;7900;nano;TRUE;FALSE;8199;nano;m
jessiebrave;6400;nano;TRUE;FALSE;6630;nano;f
maggiegrigoryan;7800;nano;TRUE;FALSE;8099;nano;f
rodrigueznicolea;7215;nano;TRUE;FALSE;7188;nano;f
monetarymindset_;7100;nano;TRUE;FALSE;6889;nano;m
alejandro.barrios1;7200;nano;TRUE;FALSE;7386;nano;m
sarekaunique;6700;nano;TRUE;FALSE;7608;nano;f
smiley_family_records;6500;nano;TRUE;FALSE;5118;nano;i
cashgold24k;7200;nano;TRUE;FALSE;7055;nano;m
verenapuhm;7000;nano;TRUE;FALSE;7077;nano;f
just.chelcea;6500;nano;TRUE;FALSE;6765;nano;f
tina.michaela.23;6400;nano;TRUE;FALSE;6485;nano;f
fiona.robert;6800;nano;TRUE;FALSE;6897;nano;f
chasedxpe;6800;nano;TRUE;FALSE;6797;nano;m
madisonrally;6800;nano;TRUE;FALSE;6683;nano;f
lizagarza;6500;nano;TRUE;FALSE;6679;nano;m
hairandmakeupbydivina;7100;nano;TRUE;FALSE;7199;nano;f
yachecia;7700;nano;TRUE;FALSE;8105;nano;f
concepts.of.life.and.wellness;7100;nano;TRUE;FALSE;7397;nano;i
navygall;7800;nano;TRUE;FALSE;9841;nano;f
therobinlynnstyle;7600;nano;TRUE;FALSE;9432;nano;f
melodieofthechains;6800;nano;TRUE;FALSE;7325;nano;f
gwennettawright;7500;nano;TRUE;FALSE;7738;nano;f
steftraynor;6700;nano;TRUE;FALSE;6574;nano;f
lydia.0h.lydia;6900;nano;TRUE;FALSE;6937;nano;f
ourgrayhairisbeautiful;6400;nano;TRUE;FALSE;6806;nano;i
iamjoyaowens;6700;nano;TRUE;FALSE;6984;nano;f
social_snob;6800;nano;TRUE;FALSE;7035;nano;f
mixedego;6600;nano;TRUE;FALSE;6605;nano;f
da_realgent;7200;nano;TRUE;FALSE;7228;nano;m
haleyelexis_;7800;nano;TRUE;FALSE;7501;nano;f
elonzae;7500;nano;TRUE;FALSE;7362;nano;m
kelsiejoymiller;7600;nano;TRUE;FALSE;7446;nano;f
sammyrickey;41762;mikro;TRUE;FALSE;41755;mikro;f
emmakapotes;35268;mikro;TRUE;FALSE;35355;mikro;f
nategawd;40809;mikro;TRUE;FALSE;40454;mikro;m
barbarab3cker;40945;mikro;TRUE;FALSE;40822;mikro;f
glow_with_ola;40701;mikro;FALSE;NA;NA;NA;
christinesymondshair;40519;mikro;TRUE;FALSE;40423;mikro;f
clipper_queen;40450;mikro;TRUE;FALSE;40413;mikro;f
therealxt;39912;mikro;TRUE;FALSE;40022;mikro;m
cuomocromeans;38074;mikro;FALSE;NA;NA;NA;
allison_sadler_;37341;mikro;TRUE;FALSE;37236;mikro;f
painted.by.carolyn;37330;mikro;TRUE;FALSE;37198;mikro;f
mikeyquince;35487;mikro;TRUE;FALSE;35530;mikro;m
bleachedandblown;35206;mikro;TRUE;FALSE;35507;mikro;f
contactevie;35174;mikro;TRUE;FALSE;35425;mikro;f
amanda.galmiche;34460;mikro;TRUE;FALSE;34381;mikro;f
nursenacole;45273;mikro;TRUE;FALSE;45101;mikro;f
milangarcon;46445;mikro;TRUE;FALSE;47132;mikro;d
tylerinacoma;46433;mikro;TRUE;FALSE;46209;mikro;m
kingathlete;49722;mikro;TRUE;FALSE;49357;mikro;m
homeschoolon;48236;mikro;TRUE;FALSE;48072;mikro;f
rilleyymitchell;45736;mikro;TRUE;FALSE;46590;mikro;f
natalieherbick;46866;mikro;TRUE;FALSE;47869;mikro;f
philipp.christopher;49060;mikro;TRUE;FALSE;48856;mikro;m
mre.soeur;48544;mikro;TRUE;FALSE;48418;mikro;f
kyren.williams;48419;mikro;TRUE;FALSE;48140;mikro;m
jesstheebesttcolor;48090;mikro;TRUE;FALSE;47944;mikro;f
stylishlystella;46924;mikro;TRUE;FALSE;46721;mikro;f
jew_booo;45354;mikro;TRUE;FALSE;45109;mikro;f
marinaandthesummerday;45027;mikro;TRUE;FALSE;47348;mikro;f
sassyleesh;43360;mikro;TRUE;FALSE;43186;mikro;f
caroline.anythingbutbasic;43495;mikro;TRUE;FALSE;43398;mikro;f
theniksters;43406;mikro;TRUE;FALSE;43292;mikro;f
hairbypen;42168;mikro;TRUE;FALSE;42554;mikro;f
ally.warren;33459;mikro;TRUE;FALSE;33503;mikro;f
colorbyally;33988;mikro;TRUE;FALSE;34016;mikro;f
lasusie;33118;mikro;TRUE;FALSE;33321;mikro;f
justfish90;32502;mikro;TRUE;FALSE;32234;mikro;m
ericakeelen_hair_love;32474;mikro;TRUE;FALSE;32410;mikro;f
heatheryacendahair;32236;mikro;TRUE;FALSE;32215;mikro;f
donnacowan;31050;mikro;TRUE;TRUE;30872;mikro;f
lizyjung;31004;mikro;TRUE;FALSE;31027;mikro;f
1alperennak;28461;mikro;FALSE;NA;NA;NA;
colorwithgrace;30511;mikro;TRUE;FALSE;30444;mikro;f
t_smooth23;29121;mikro;TRUE;FALSE;29090;mikro;m
cozmic.color;28977;mikro;TRUE;FALSE;29018;mikro;f
madeofegyptiangold;28764;mikro;TRUE;FALSE;28664;mikro;f
staceylouisemills;28698;mikro;FALSE;NA;NA;NA;
thehairstylish;27831;mikro;TRUE;FALSE;28074;mikro;f
tyfry.3;27786;mikro;TRUE;FALSE;27583;mikro;m
sweetmelissagrace;27723;mikro;TRUE;FALSE;27663;mikro;f
malikc_3;27504;mikro;TRUE;FALSE;27903;mikro;m
johnnny_yamms3;27061;mikro;TRUE;FALSE;26699;mikro;m
singi.vo;26139;mikro;TRUE;FALSE;26073;mikro;f
glamhairbymarie;26033;mikro;TRUE;FALSE;26618;mikro;f
franvphillips;23304;mikro;TRUE;FALSE;23924;mikro;f
vixenblvd;21216;mikro;TRUE;FALSE;20944;mikro;f
ibanghair;19405;mikro;TRUE;FALSE;19394;mikro;f
lootypics;21019;mikro;TRUE;FALSE;21093;mikro;m
honor_lamberty;21465;mikro;TRUE;FALSE;21382;mikro;f
noradababneh;23691;mikro;TRUE;FALSE;23635;mikro;f
beautybyhermosa;20504;mikro;TRUE;FALSE;20458;mikro;f
hairbyshaylee;19912;mikro;TRUE;FALSE;19884;mikro;f
bargain.hunting.blonde;19468;mikro;TRUE;FALSE;19438;mikro;f
leighalane;24548;mikro;TRUE;FALSE;24492;mikro;f
shanellcedeno;19246;mikro;TRUE;FALSE;19197;mikro;f
lyndseyteresehair;22244;mikro;TRUE;FALSE;22204;mikro;f
_hairbytiffany_;21403;mikro;TRUE;FALSE;21342;mikro;f
handsomefemalebarber;21038;mikro;TRUE;FALSE;20987;mikro;f
therealkellycardenas;24487;mikro;TRUE;FALSE;24421;mikro;m
tashatripphair;23905;mikro;TRUE;FALSE;23823;mikro;f
livviedix;23418;mikro;TRUE;FALSE;23385;mikro;f
retro_jojo;20770;mikro;TRUE;FALSE;20711;mikro;f
1brentoncoxjr;19862;mikro;TRUE;FALSE;19801;mikro;m
traceyjeanne;25202;mikro;TRUE;FALSE;25435;mikro;f
roxannabarajas;24366;mikro;TRUE;FALSE;24293;mikro;f
therealcindyth0ngs;24661;mikro;TRUE;FALSE;24626;mikro;f
vtgesther;21838;mikro;TRUE;FALSE;21781;mikro;f
luna.lavey;15500;mikro;TRUE;TRUE;26;NA;
gingerfitnessldn;10152;mikro;TRUE;FALSE;10156;mikro;f
nicoleknoblach;11319;mikro;TRUE;FALSE;11316;mikro;f
themakeupexpert;10125;mikro;TRUE;FALSE;10121;mikro;f
hayyrize;12843;mikro;TRUE;FALSE;12805;mikro;f
beautybydcor;16015;mikro;TRUE;FALSE;16022;mikro;f
_hairista_;16955;mikro;FALSE;NA;NA;NA;
kayla_benay;10756;mikro;TRUE;FALSE;10712;mikro;f
styledby_jocelyn;13305;mikro;TRUE;FALSE;13314;mikro;f
personalisedhairdesign;14322;mikro;TRUE;FALSE;14286;mikro;f
samglamm;14908;mikro;TRUE;FALSE;14864;mikro;f
slayedbysila_;10400;mikro;TRUE;FALSE;10402;mikro;f
1badmuthercutter;12388;mikro;TRUE;FALSE;507;NA;f
brandonlinder65;17337;mikro;TRUE;FALSE;17404;mikro;m
hello.chantelle;14832;mikro;TRUE;FALSE;14739;mikro;f
jasminejun;15273;mikro;TRUE;FALSE;15266;mikro;f
amberharlan;11978;mikro;TRUE;FALSE;11986;mikro;f
newporthairbytiffany;17455;mikro;TRUE;FALSE;17571;mikro;f
bettycombs;16425;mikro;TRUE;FALSE;16362;mikro;f
makeupbyanab;13656;mikro;TRUE;FALSE;13768;mikro;f
givemegabrielle;15679;mikro;TRUE;FALSE;15632;mikro;f
nataliaissa;12044;mikro;TRUE;FALSE;12024;mikro;f
coleen_code_;10640;mikro;TRUE;FALSE;10602;mikro;f
heysharlamay;67247;midtier;FALSE;NA;NA;NA;
jessykirson;130409;midtier;TRUE;FALSE;146182;midtier;f
shannongunz;137007;midtier;TRUE;FALSE;137771;midtier;f
sebastianmikael;103013;midtier;TRUE;FALSE;103130;midtier;m
kersti.pitre;132016;midtier;TRUE;FALSE;131511;midtier;f
albertalmorajr;133078;midtier;TRUE;FALSE;132460;midtier;m
jrsportbrief;118496;midtier;TRUE;FALSE;111728;midtier;m
giavanniruffin;126751;midtier;TRUE;FALSE;126050;midtier;m
eagle_wmcm;126473;midtier;TRUE;FALSE;127076;midtier;m
thechanelcartel;127539;midtier;TRUE;FALSE;126696;midtier;f
bravothebagchaser;217605;midtier;TRUE;FALSE;218528;midtier;m
jnglert;185407;midtier;TRUE;FALSE;188305;midtier;m
statikleo;226115;midtier;TRUE;FALSE;223221;midtier;m
calaiscampbell;172519;midtier;TRUE;FALSE;172145;midtier;m
mothica;204564;midtier;TRUE;FALSE;203705;midtier;f
baby_briiiannaa;181198;midtier;TRUE;FALSE;194442;midtier;f
badazzflo;206550;midtier;TRUE;FALSE;212673;midtier;m
dbuck_99;206490;midtier;TRUE;FALSE;205321;midtier;m
chrisjbukowski;227745;midtier;TRUE;FALSE;226875;midtier;m
callmeskitzo;209186;midtier;TRUE;FALSE;208660;midtier;f
calenraps;159775;midtier;TRUE;FALSE;158540;midtier;m
sierraelizabethferrell;189044;midtier;TRUE;FALSE;207804;midtier;f
davonnedianne_;190542;midtier;TRUE;FALSE;190259;midtier;f
sabrina.bryan;194110;midtier;TRUE;FALSE;195732;midtier;f
bbyeileen;143242;midtier;TRUE;FALSE;141755;midtier;f
nellynelmb;171064;midtier;TRUE;FALSE;171801;midtier;m
anthonybarr;166017;midtier;TRUE;FALSE;165120;midtier;m
askaboutaaj;220596;midtier;TRUE;FALSE;219076;midtier;m
christina_rome_;227764;midtier;TRUE;FALSE;227649;midtier;f
going_boundless;206540;midtier;TRUE;FALSE;205674;midtier;g
cellyru;148537;midtier;TRUE;FALSE;148739;midtier;m
dantebasco;201547;midtier;TRUE;FALSE;202428;midtier;m
onefunnylisamarie;219147;midtier;TRUE;FALSE;220518;midtier;f
zeke.pike;484890;midtier;TRUE;FALSE;483220;midtier;m
iam_joshjacobs;499308;midtier;TRUE;FALSE;501584;makro;m
xtreme_heat;481876;midtier;TRUE;FALSE;481465;midtier;f
kool.kiy;483165;midtier;TRUE;FALSE;486826;midtier;m
msheatherrose;476982;midtier;TRUE;FALSE;504241;makro;f
thejasonivy;422184;midtier;TRUE;FALSE;414850;midtier;m
springyjeans;438908;midtier;TRUE;FALSE;501624;makro;i
itsjuju;473822;midtier;TRUE;FALSE;470795;midtier;m
thebatesfam;476802;midtier;TRUE;FALSE;477229;midtier;g
mccourtytwins;417904;midtier;TRUE;FALSE;415997;midtier;g
qangel_rice;465105;midtier;TRUE;FALSE;464939;midtier;f
showtyme_33;430299;midtier;TRUE;FALSE;429767;midtier;f
eatmah_kandy;410196;midtier;TRUE;FALSE;425061;midtier;f
nanycarmen;452765;midtier;TRUE;FALSE;456820;midtier;f
ottestyle;423129;midtier;TRUE;FALSE;427037;midtier;f
0fficial.krissy;450113;midtier;TRUE;FALSE;449230;midtier;f
kimikouture;498460;midtier;TRUE;FALSE;499440;midtier;f
mallorynikolaushome;496112;midtier;TRUE;FALSE;503715;makro;f
albeeal201;422377;midtier;TRUE;FALSE;425569;midtier;m
freddylsx;410348;midtier;TRUE;FALSE;420567;midtier;m
stevenguyen;418299;midtier;TRUE;FALSE;417404;midtier;m
luvvie;495463;midtier;TRUE;FALSE;495061;midtier;f
baileymstewart;439012;midtier;TRUE;FALSE;443234;midtier;f
_djuice;334171;midtier;TRUE;FALSE;334638;midtier;m
cynthia_harper_;337060;midtier;TRUE;FALSE;335640;midtier;f
therealaliwentworth;335891;midtier;TRUE;FALSE;342951;midtier;f
jayt23;371173;midtier;TRUE;FALSE;367532;midtier;m
iamcharlesdavis;407900;midtier;TRUE;FALSE;405264;midtier;m
jaredgoff;342017;midtier;TRUE;FALSE;341622;midtier;m
traceyeedmonds;337397;midtier;TRUE;FALSE;341820;midtier;f
katieemo;409551;midtier;TRUE;FALSE;406855;midtier;f
joemainmixon;386004;midtier;TRUE;FALSE;387649;midtier;m
probablyshannonford;397042;midtier;TRUE;FALSE;399355;midtier;f
shannonsaint;326897;midtier;TRUE;FALSE;327323;midtier;f
bankroll_pj;327492;midtier;TRUE;FALSE;327070;midtier;m
iammiajaye;377531;midtier;TRUE;FALSE;377413;midtier;f
govkristinoem;409121;midtier;TRUE;FALSE;413505;midtier;f
kirapetilli;387782;midtier;TRUE;FALSE;383833;midtier;f
skyemorales;374797;midtier;TRUE;FALSE;372784;midtier;f
micahplath;399964;midtier;TRUE;FALSE;399901;midtier;m
laurenelizabethburke;358264;midtier;TRUE;FALSE;357171;midtier;f
pitchersnation;353065;midtier;TRUE;FALSE;356044;midtier;m
jillcomesclean;397829;midtier;TRUE;FALSE;409086;midtier;f
stavvybaby2;400400;midtier;TRUE;FALSE;420094;midtier;m
mteo50;375210;midtier;FALSE;NA;NA;NA;
lizzymusi;320043;midtier;TRUE;FALSE;324601;midtier;f
girlwithaboysname;289483;midtier;TRUE;FALSE;299853;midtier;f
ericaleshai;261109;midtier;TRUE;FALSE;261575;midtier;f
isyglue;268661;midtier;TRUE;FALSE;268732;midtier;f
bmrtwins1;310647;midtier;TRUE;FALSE;308376;midtier;m
gabelustman;316863;midtier;TRUE;FALSE;316556;midtier;m
mauricebenard;311512;midtier;TRUE;FALSE;313970;midtier;m
jasminebleu;303009;midtier;TRUE;FALSE;302455;midtier;f
amberemilysmith;271914;midtier;TRUE;FALSE;274412;midtier;f
bigsgjamo;286198;midtier;TRUE;FALSE;287864;midtier;m
conjuredhoodoo;263888;midtier;TRUE;FALSE;262357;midtier;i
kylelarsonracin;308350;midtier;TRUE;FALSE;312439;midtier;m
latewithkate;249463;midtier;TRUE;FALSE;248900;midtier;f
papiluisito;293242;midtier;TRUE;FALSE;288729;midtier;m
parkerferris;309942;midtier;TRUE;FALSE;307675;midtier;m
jrdguz;259257;midtier;TRUE;FALSE;267142;midtier;m
awwitskeweezy;232720;midtier;TRUE;FALSE;234503;midtier;m
michelejaliene;312589;midtier;TRUE;FALSE;319551;midtier;f
marlenedizzle;291508;midtier;TRUE;FALSE;289748;midtier;f
claudwithnojob;265473;midtier;TRUE;FALSE;269233;midtier;f
mignon_fof;313788;midtier;TRUE;FALSE;320484;midtier;f
hellonecole;267398;midtier;TRUE;FALSE;272477;midtier;f
kollincarter;311497;midtier;TRUE;FALSE;314644;midtier;m
alcarraway;230797;midtier;TRUE;FALSE;230582;midtier;f
drewphillips09;532937;makro;TRUE;FALSE;533910;makro;m
davidmichaelwyatt;596232;makro;TRUE;FALSE;611137;makro;m
maliibumiitch;529731;makro;TRUE;FALSE;530480;makro;f
elleriemarie;526788;makro;TRUE;FALSE;519880;makro;f
pattiegonia;503163;makro;TRUE;FALSE;516895;makro;d
kk.myloveenazir;541075;makro;TRUE;FALSE;546617;makro;f
nessnitty;509869;makro;TRUE;FALSE;508967;makro;f
officialmightyniecy;510549;makro;TRUE;FALSE;519735;makro;f
josiealesia;545953;makro;TRUE;FALSE;551826;makro;f
karrie_locher;589815;makro;TRUE;FALSE;597943;makro;f
meekalina_;518729;makro;TRUE;FALSE;549499;makro;f
thehoodhealer;501771;makro;TRUE;FALSE;500746;makro;f
yhung.chanel_;575408;makro;TRUE;FALSE;572901;makro;m
ladarius_marshall17;562670;makro;TRUE;FALSE;558150;makro;m
diorr;551196;makro;TRUE;FALSE;541708;makro;m
joytaylortalks;588315;makro;TRUE;FALSE;595360;makro;f
itsbadkidtalan;531182;makro;TRUE;FALSE;547970;makro;m
chauncysmartt;512979;makro;TRUE;FALSE;510763;makro;m
the_mommy_talks;592085;makro;TRUE;FALSE;706894;makro;i
d1pop;504238;makro;TRUE;FALSE;503175;makro;m
jasminejade;628587;makro;TRUE;FALSE;625523;makro;f
_micahparsons11;694329;makro;TRUE;FALSE;711510;makro;m
iceman_nick;625336;makro;TRUE;FALSE;623818;makro;m
omgheyrose;610540;makro;TRUE;FALSE;614241;makro;d
saycheesedigital;662752;makro;TRUE;FALSE;666924;makro;i
its_angebaby;601912;makro;TRUE;FALSE;599075;makro;f
redturn2;663267;makro;TRUE;FALSE;663562;makro;m
tdlockett12;614689;makro;TRUE;FALSE;613427;makro;m
mrsmoniquesamuels;670850;makro;TRUE;FALSE;671509;makro;f
grew_up_in_the_70s_and_80s;627561;makro;TRUE;FALSE;748584;makro;i
bresheppard;682522;makro;TRUE;FALSE;679316;makro;f
brittneyyevettegriner;684727;makro;TRUE;FALSE;692825;makro;f
imkaylab;622323;makro;TRUE;FALSE;621600;makro;f
madissonhaus;664487;makro;TRUE;FALSE;665683;makro;f
ashaiaa;619650;makro;TRUE;FALSE;619197;makro;f
_famous4nothing;658890;makro;TRUE;FALSE;661298;makro;i
dynastyloveyou;603733;makro;TRUE;FALSE;601076;makro;f
yourrage;628490;makro;TRUE;FALSE;637870;makro;m
hannahberner;620406;makro;TRUE;FALSE;676443;makro;f
tia_becca_;656661;makro;TRUE;FALSE;656836;makro;f
zachertz;713299;makro;TRUE;FALSE;709546;makro;m
navarro_college_cheer;715629;makro;TRUE;FALSE;713005;makro;g
cclaire.bbear;718023;makro;TRUE;FALSE;714514;makro;f
paqjonathan;730535;makro;TRUE;FALSE;741869;makro;m
sydelcurrylee;709279;makro;TRUE;FALSE;707955;makro;f
balockaye.h;703080;makro;TRUE;FALSE;700287;makro;m
phenomenal;725520;makro;TRUE;FALSE;723216;makro;i
arrowsandbow;775747;makro;TRUE;FALSE;770700;makro;f
amandakloots;732594;makro;TRUE;FALSE;732772;makro;f
mikeevans;704699;makro;TRUE;FALSE;701855;makro;m
vanessagrimaldi30;708334;makro;TRUE;FALSE;705277;makro;f
lastname_baker;788691;makro;TRUE;FALSE;763665;makro;m
abreg_1;725715;makro;TRUE;FALSE;726703;makro;m
flash_garrett;731144;makro;TRUE;FALSE;734590;makro;m
heatherkmcmahan;742378;makro;TRUE;FALSE;743815;makro;f
pardonmytake;750584;makro;TRUE;FALSE;754549;makro;g
therealtracibraxton;784169;makro;TRUE;FALSE;784455;makro;f
naomie_olindo;733328;makro;TRUE;FALSE;730414;makro;f
joshbrueckner;764598;makro;TRUE;FALSE;767502;makro;m
regtoofunny;768720;makro;TRUE;FALSE;774524;makro;m
ariejr;833440;makro;TRUE;FALSE;831165;makro;m
realkkvsh;895946;makro;FALSE;NA;NA;NA;
derekcarrqb;857061;makro;TRUE;FALSE;869484;makro;m
azramian;858805;makro;TRUE;FALSE;865658;makro;f
marknormand;879222;makro;TRUE;FALSE;921380;makro;m
chanjones55;802863;makro;TRUE;FALSE;27;NA;
sharife.cooper;859121;makro;TRUE;FALSE;857196;makro;m
trevondiggs;849705;makro;TRUE;FALSE;858105;makro;m
amaricooper9;853455;makro;TRUE;FALSE;848011;makro;m
jayrellis;889581;makro;TRUE;FALSE;889577;makro;m
paige_desorbo;842357;makro;TRUE;FALSE;857526;makro;f
rileyburruss;839938;makro;TRUE;FALSE;839911;makro;f
jackiehillperry;842553;makro;TRUE;FALSE;880828;makro;f
thesherylleeralph;821236;makro;TRUE;FALSE;877757;makro;f
heymadinelson;897288;makro;TRUE;FALSE;905862;makro;f
paolo5;850266;makro;TRUE;FALSE;882735;makro;m
tylepley;853805;makro;TRUE;FALSE;877820;makro;m
prinmidp_;823575;makro;TRUE;FALSE;822008;makro;f
primal_gourmet;840048;makro;TRUE;FALSE;851664;makro;m
remingtonavenue;806889;makro;TRUE;FALSE;880179;makro;f
iamchrislane;913640;makro;TRUE;FALSE;913762;makro;m
babyfaceray;946393;makro;TRUE;FALSE;970107;makro;m
pardi;962472;makro;TRUE;FALSE;958571;makro;m
emmanuelacho;944181;makro;TRUE;FALSE;940126;makro;m
tiffany_hbic_pollard;953023;makro;TRUE;FALSE;955745;makro;f
rileyduckman;995152;makro;TRUE;FALSE;1003516;mega;m
jfigggs;903434;makro;TRUE;FALSE;906019;makro;f
taylor.selfridge;934850;makro;TRUE;FALSE;931030;makro;f
luvenchanting;926440;makro;TRUE;FALSE;948712;makro;f
watchingnewyork;921025;makro;TRUE;FALSE;938447;makro;m
thechosentvseries;995817;makro;TRUE;FALSE;1060013;mega;i
lashontae;954362;makro;TRUE;FALSE;954362;makro;f
julieertz;948623;makro;TRUE;FALSE;943727;makro;f
corierayvon;923985;makro;TRUE;FALSE;921531;makro;f
sharnaburgess;980021;makro;TRUE;FALSE;979008;makro;f
no.chill.gil;932459;makro;TRUE;FALSE;933403;makro;m
presidentmal;912348;makro;TRUE;FALSE;907017;makro;m
parkermccollum;905980;makro;TRUE;FALSE;931800;makro;m
malloryervin;908223;makro;TRUE;FALSE;908968;makro;f
realcj_;931139;makro;TRUE;FALSE;949222;makro;m
pnbrock;2900010;mega;TRUE;FALSE;2897680;mega;m
poohshiesty;3389925;mega;TRUE;FALSE;3434167;mega;m
clarencenyc;3312050;mega;TRUE;FALSE;3324918;mega;m
lightskinkeisha;2906638;mega;TRUE;FALSE;2910794;mega;f
leahmesser;3003404;mega;TRUE;FALSE;3014996;mega;f
ezekielelliott;2859535;mega;TRUE;FALSE;2855758;mega;m
keyglock;2890599;mega;TRUE;FALSE;2944482;mega;m
jaydayoungan;2864776;mega;TRUE;FALSE;2871737;mega;m
ash.kaashh;3198036;mega;TRUE;FALSE;3196442;mega;f
new_era8;3189218;mega;TRUE;FALSE;3193073;mega;m
shawnjohnson;3802681;mega;TRUE;FALSE;3866377;mega;f
janiameshell;3408583;mega;TRUE;FALSE;3472422;mega;f
brentfaiyaz;3402051;mega;TRUE;FALSE;3517855;mega;m
inagarten;3911523;mega;TRUE;FALSE;3957909;mega;f
jonathandavissofficial;3550705;mega;TRUE;FALSE;4273406;mega;m
yungeenace;3590811;mega;TRUE;FALSE;3626906;mega;m
zonniquejailee;3875711;mega;TRUE;FALSE;3888930;mega;f
quando_rondo;3883144;mega;TRUE;FALSE;3899629;mega;m
joeyb_9;3838657;mega;TRUE;FALSE;3865936;mega;m
ballerinafarm;3433773;mega;TRUE;FALSE;4049055;mega;f
domowilsonmusic;2727412;mega;TRUE;FALSE;2736139;mega;f
shannonsharpe84;2551993;mega;TRUE;FALSE;2579404;mega;m
lilbibby_;2290959;mega;TRUE;FALSE;2289989;mega;m
hannahbrown;2701706;mega;TRUE;FALSE;2723010;mega;f
alexandracooper;2355360;mega;TRUE;FALSE;2375455;mega;f
stassischroeder;2775985;mega;TRUE;FALSE;2854636;mega;f
tylerjcameron;2254170;mega;TRUE;FALSE;2259722;mega;m
brittanyaldean;2431613;mega;TRUE;FALSE;2439515;mega;f
horo.scopesdaily;2681748;mega;TRUE;FALSE;2664281;mega;i
laur_akins;2749170;mega;TRUE;FALSE;2756834;mega;f
slaybyella_;2301301;mega;TRUE;FALSE;2295982;mega;f
joelle_fletcher;2673466;mega;TRUE;FALSE;2676716;mega;f
carririchardson_;2294608;mega;TRUE;FALSE;2278421;mega;f
arrogant_tae123;2479467;mega;TRUE;FALSE;2493702;mega;i
dc_draino;2362360;mega;TRUE;FALSE;2375678;mega;m
the_typical_liberal;2722376;mega;TRUE;FALSE;2731198;mega;m
latainax3;2733146;mega;TRUE;FALSE;2739985;mega;f
armon.warren;2379865;mega;TRUE;FALSE;2388915;mega;m
theprettymess;2557229;mega;TRUE;FALSE;2560120;mega;f
ozthementalist;2510879;mega;TRUE;FALSE;2703521;mega;m
jakedufner;2449024;mega;TRUE;FALSE;2658466;mega;m
filayyyy;2209125;mega;TRUE;FALSE;2224625;mega;m
juice_landry;2308181;mega;TRUE;FALSE;2307617;mega;m
nolimitherro;2284429;mega;TRUE;FALSE;2272986;mega;m
_4dak;2265069;mega;TRUE;FALSE;2264592;mega;m
sunisalee;1728491;mega;TRUE;FALSE;1718042;mega;f
chrissylampkin;2031989;mega;TRUE;FALSE;2042633;mega;f
imbadkidjay;1935619;mega;TRUE;FALSE;1937592;mega;m
krista.horton;1676357;mega;TRUE;FALSE;1721886;mega;f
daisymarquez_;1906849;mega;TRUE;FALSE;1896728;mega;f
friday.beers;1979523;mega;TRUE;FALSE;2015316;mega;i
thugginn;1859690;mega;TRUE;FALSE;1859782;mega;f
johnmulaney;1956270;mega;TRUE;FALSE;1980716;mega;m
last_king_2;1701098;mega;TRUE;FALSE;1694100;mega;m
killatrav;1833164;mega;TRUE;FALSE;2357388;mega;m
witneycarson;1615521;mega;TRUE;FALSE;1619710;mega;f
iamj.i;2107879;mega;TRUE;FALSE;2101791;mega;m
damienprincejr;1657639;mega;TRUE;FALSE;1664798;mega;m
1804jackboy;2086598;mega;TRUE;FALSE;2084223;mega;m
myaplanet9;1977661;mega;TRUE;FALSE;2003510;mega;f
deyjahimani;1767780;mega;TRUE;FALSE;1768145;mega;f
lilmeechbmf;2029424;mega;TRUE;FALSE;2271261;mega;m
annefrances;1864482;mega;TRUE;FALSE;1858098;mega;f
inayah;2076022;mega;TRUE;FALSE;2075883;mega;f
4everbrooke;1775224;mega;TRUE;FALSE;1780696;mega;f
mathieu_era;1689597;mega;TRUE;FALSE;1674801;mega;m
thereallyricmichell;1631462;mega;TRUE;FALSE;1624153;mega;f
lalakent;1766466;mega;TRUE;FALSE;1908531;mega;f
christianmccaffrey;1803576;mega;TRUE;FALSE;1821966;mega;m
reesemoney300;1667415;mega;TRUE;FALSE;1704668;mega;m
42_dugggg;2165208;mega;TRUE;FALSE;2162398;mega;m
queenkhamyra;1601470;mega;TRUE;FALSE;1604588;mega;f
dk14;1808509;mega;TRUE;FALSE;1874462;mega;m
hairby_chrissy;1132727;mega;TRUE;FALSE;1132804;mega;f
codyrigsby;1337238;mega;TRUE;FALSE;1347801;mega;m
joy4site;1108924;mega;TRUE;FALSE;1116623;mega;m
jimmypolo10;1409692;mega;TRUE;FALSE;1441026;mega;m
jadelizroper;1414487;mega;TRUE;FALSE;1408556;mega;f
evettexo;1206436;mega;TRUE;FALSE;1201996;mega;f
mariahthescientist;1235626;mega;TRUE;FALSE;1332762;mega;f
lauramgovan;1436140;mega;TRUE;FALSE;1433626;mega;f
camcardii;1206790;mega;TRUE;FALSE;1205133;mega;m
viva_glam_kay;1239721;mega;TRUE;FALSE;1235737;mega;f
pilot_pete;1479089;mega;TRUE;FALSE;1470434;mega;m
deshaunwatson;1448578;mega;TRUE;FALSE;1435344;mega;m
taeadams;1288979;mega;TRUE;FALSE;1307751;mega;m
chrisbharrison;1257285;mega;TRUE;FALSE;1251603;mega;m
600breezy;1175068;mega;TRUE;FALSE;1170058;mega;m
duggarfam;1276552;mega;TRUE;FALSE;1272403;mega;g
chasechrisley;1368106;mega;TRUE;FALSE;1371675;mega;m
_yungblasiann;1115860;mega;TRUE;FALSE;1112438;mega;f
chikalogy;1086410;mega;TRUE;FALSE;1082158;mega;f
k1;1367035;mega;TRUE;FALSE;1366702;mega;m
beccatilley;1142490;mega;TRUE;FALSE;1138581;mega;f
theyasminelopez;1284624;mega;TRUE;FALSE;1370775;mega;f
aggyabby;1047728;mega;TRUE;FALSE;1044780;mega;f
sydneymclaughlin16;1119114;mega;TRUE;FALSE;1113884;mega;f
wolfiesmom;1194315;mega;TRUE;FALSE;1205745;mega;f
stevenrinella;1176097;mega;TRUE;FALSE;1184070;mega;m
iamjustairi;1124534;mega;TRUE;FALSE;1120662;mega;f
immirahbadkid;1557941;mega;TRUE;FALSE;1586831;mega;f
